id,title,description,link,brand,gtin,mpn,image_link,additional_image_link,video_link,model_3d_link,condition,google_product_category,product_category,age_group,material,length,width,height,weight,item_group_id,item_group_title,color,size,size_system,gender,availability,availability_date,expiration_date,inventory_not_tracked,inventory_quantity,price,sale_price,sale_price_effective_date,stripe_product_tax_code,tax_behavior,applicable_fees,shipping,free_shipping_threshold,delete
LB-SKIN-0001,Rugged Eye Cream,"The Rugged Eye Cream from Lumen Beauty, thoughtfully made, a lightweight formula for visibly healthier skin.",https://lumen-beauty.example.com/products/lb-skin-0001,Lumen,,LB-SKIN-0001,https://livgpt.vercel.app/mock-catalog/images/lumen-beauty/skincare-1.png,,,,new,Health & Beauty > Personal Care > Cosmetics > Skin Care,Beauty > Skincare,adult,,3 in,3 in,5 in,0.51 lb,LB-SKIN-GRP-001,Skincare,,,,unisex,in_stock,,,,71,33.13 USD,,,txcd_99999999,exclusive,,"US:ALL:Standard:3-5:0.00 USD,US:ALL:Expedited:1-2:9.99 USD",US:ALL:Standard:50.00 USD,
LB-SKIN-0002,Alpine Gentle Cleanser,"The Alpine Gentle Cleanser from Lumen Beauty, thoughtfully made, a lightweight formula for visibly healthier skin.",https://lumen-beauty.example.com/products/lb-skin-0002,Lumen Skin,,LB-SKIN-0002,https://livgpt.vercel.app/mock-catalog/images/lumen-beauty/skincare-2.png,,,,new,Health & Beauty > Personal Care > Cosmetics > Skin Care,Beauty > Skincare,adult,,3 in,3 in,5 in,0.5 lb,LB-SKIN-GRP-001,Skincare,,,,unisex,in_stock,,,,144,34.72 USD,,,txcd_99999999,exclusive,,"US:ALL:Standard:3-5:0.00 USD,US:ALL:Expedited:1-2:9.99 USD",US:ALL:Standard:50.00 USD,
LB-SKIN-0003,Essential Vitamin C Serum,"The Essential Vitamin C Serum from Lumen Beauty, thoughtfully made, a lightweight formula for visibly healthier skin.",https://lumen-beauty.example.com/products/lb-skin-0003,Lumen Ritual,,LB-SKIN-0003,https://livgpt.vercel.app/mock-catalog/images/lumen-beauty/skincare-3.png,,,,new,Health & Beauty > Personal Care > Cosmetics > Skin Care,Beauty > Skincare,adult,,3 in,3 in,5 in,0.51 lb,LB-SKIN-GRP-002,Skincare,,,,unisex,in_stock,,,,236,20.69 USD,,,txcd_99999999,exclusive,,"US:ALL:Standard:3-5:0.00 USD,US:ALL:Expedited:1-2:9.99 USD",US:ALL:Standard:50.00 USD,
LB-SKIN-0004,Heritage Retinol Night Cream,"The Heritage Retinol Night Cream from Lumen Beauty, thoughtfully made, a lightweight formula for visibly healthier skin.",https://lumen-beauty.example.com/products/lb-skin-0004,Lumen Skin,,LB-SKIN-0004,https://livgpt.vercel.app/mock-catalog/images/lumen-beauty/skincare-1.png,,,,new,Health & Beauty > Personal Care > Cosmetics > Skin Care,Beauty > Skincare,adult,,3 in,3 in,5 in,0.45 lb,LB-SKIN-GRP-002,Skincare,,,,unisex,in_stock,,,,104,18.04 USD,,,txcd_99999999,exclusive,,"US:ALL:Standard:3-5:0.00 USD,US:ALL:Expedited:1-2:9.99 USD",US:ALL:Standard:50.00 USD,
LB-SKIN-0005,Essential Hydrating Moisturizer,"The Essential Hydrating Moisturizer from Lumen Beauty, thoughtfully made, a lightweight formula for visibly healthier skin.",https://lumen-beauty.example.com/products/lb-skin-0005,Lumen,,LB-SKIN-0005,https://livgpt.vercel.app/mock-catalog/images/lumen-beauty/skincare-2.png,,,,new,Health & Beauty > Personal Care > Cosmetics > Skin Care,Beauty > Skincare,adult,,3 in,3 in,5 in,0.53 lb,LB-SKIN-GRP-003,Skincare,,,,unisex,in_stock,,,,121,65.72 USD,,,txcd_99999999,exclusive,,"US:ALL:Standard:3-5:0.00 USD,US:ALL:Expedited:1-2:9.99 USD",US:ALL:Standard:50.00 USD,
LB-SKIN-0006,Classic Vitamin C Serum,"The Classic Vitamin C Serum from Lumen Beauty, thoughtfully made, a lightweight formula for visibly healthier skin.",https://lumen-beauty.example.com/products/lb-skin-0006,Lumen Skin,,LB-SKIN-0006,https://livgpt.vercel.app/mock-catalog/images/lumen-beauty/skincare-3.png,,,,new,Health & Beauty > Personal Care > Cosmetics > Skin Care,Beauty > Skincare,adult,,3 in,3 in,5 in,0.47 lb,LB-SKIN-GRP-003,Skincare,,,,unisex,out_of_stock,,,,91,49.50 USD,,,txcd_99999999,exclusive,,"US:ALL:Standard:3-5:0.00 USD,US:ALL:Expedited:1-2:9.99 USD",US:ALL:Standard:50.00 USD,
LB-SKIN-0007,Essential Eye Cream,"The Essential Eye Cream from Lumen Beauty, thoughtfully made, a lightweight formula for visibly healthier skin.",https://lumen-beauty.example.com/products/lb-skin-0007,Lumen Skin,,LB-SKIN-0007,https://livgpt.vercel.app/mock-catalog/images/lumen-beauty/skincare-1.png,,,,new,Health & Beauty > Personal Care > Cosmetics > Skin Care,Beauty > Skincare,adult,,3 in,3 in,5 in,0.52 lb,LB-SKIN-GRP-004,Skincare,,,,unisex,in_stock,,,,109,29.82 USD,25.41 USD,2026-07-01/2026-12-31,txcd_99999999,exclusive,,"US:ALL:Standard:3-5:0.00 USD,US:ALL:Expedited:1-2:9.99 USD",US:ALL:Standard:50.00 USD,
LB-SKIN-0008,Luxe Retinol Night Cream,"The Luxe Retinol Night Cream from Lumen Beauty, thoughtfully made, a lightweight formula for visibly healthier skin.",https://lumen-beauty.example.com/products/lb-skin-0008,Lumen,,LB-SKIN-0008,https://livgpt.vercel.app/mock-catalog/images/lumen-beauty/skincare-2.png,,,,new,Health & Beauty > Personal Care > Cosmetics > Skin Care,Beauty > Skincare,adult,,3 in,3 in,5 in,0.45 lb,LB-SKIN-GRP-004,Skincare,,,,unisex,in_stock,,,,125,83.46 USD,,,txcd_99999999,exclusive,,"US:ALL:Standard:3-5:0.00 USD,US:ALL:Expedited:1-2:9.99 USD",US:ALL:Standard:50.00 USD,
LB-SKIN-0009,Aero Vitamin C Serum,"The Aero Vitamin C Serum from Lumen Beauty, thoughtfully made, a lightweight formula for visibly healthier skin.",https://lumen-beauty.example.com/products/lb-skin-0009,Lumen Skin,,LB-SKIN-0009,https://livgpt.vercel.app/mock-catalog/images/lumen-beauty/skincare-3.png,,,,new,Health & Beauty > Personal Care > Cosmetics > Skin Care,Beauty > Skincare,adult,,3 in,3 in,5 in,0.53 lb,LB-SKIN-GRP-005,Skincare,,,,unisex,in_stock,,,,95,74.96 USD,,,txcd_99999999,exclusive,,"US:ALL:Standard:3-5:0.00 USD,US:ALL:Expedited:1-2:9.99 USD",US:ALL:Standard:50.00 USD,
LB-SKIN-0010,Essential Retinol Night Cream,"The Essential Retinol Night Cream from Lumen Beauty, thoughtfully made, a lightweight formula for visibly healthier skin.",https://lumen-beauty.example.com/products/lb-skin-0010,Lumen Skin,,LB-SKIN-0010,https://livgpt.vercel.app/mock-catalog/images/lumen-beauty/skincare-1.png,,,,new,Health & Beauty > Personal Care > Cosmetics > Skin Care,Beauty > Skincare,adult,,3 in,3 in,5 in,0.46 lb,LB-SKIN-GRP-005,Skincare,,,,unisex,in_stock,,,,3,22.30 USD,,,txcd_99999999,exclusive,,"US:ALL:Standard:3-5:0.00 USD,US:ALL:Expedited:1-2:9.99 USD",US:ALL:Standard:50.00 USD,
LB-SKIN-0011,Rugged Retinol Night Cream,"The Rugged Retinol Night Cream from Lumen Beauty, thoughtfully made, a lightweight formula for visibly healthier skin.",https://lumen-beauty.example.com/products/lb-skin-0011,Lumen Skin,,LB-SKIN-0011,https://livgpt.vercel.app/mock-catalog/images/lumen-beauty/skincare-2.png,,,,new,Health & Beauty > Personal Care > Cosmetics > Skin Care,Beauty > Skincare,adult,,3 in,3 in,5 in,0.55 lb,LB-SKIN-GRP-006,Skincare,,,,unisex,in_stock,,,,82,39.56 USD,,,txcd_99999999,exclusive,,"US:ALL:Standard:3-5:0.00 USD,US:ALL:Expedited:1-2:9.99 USD",US:ALL:Standard:50.00 USD,
LB-SKIN-0012,Modern Eye Cream,"The Modern Eye Cream from Lumen Beauty, thoughtfully made, a lightweight formula for visibly healthier skin.",https://lumen-beauty.example.com/products/lb-skin-0012,Lumen,,LB-SKIN-0012,https://livgpt.vercel.app/mock-catalog/images/lumen-beauty/skincare-3.png,,,,new,Health & Beauty > Personal Care > Cosmetics > Skin Care,Beauty > Skincare,adult,,3 in,3 in,5 in,0.47 lb,LB-SKIN-GRP-006,Skincare,,,,unisex,in_stock,,,,243,86.07 USD,,,txcd_99999999,exclusive,,"US:ALL:Standard:3-5:0.00 USD,US:ALL:Expedited:1-2:9.99 USD",US:ALL:Standard:50.00 USD,
LB-SKIN-0013,Coastal Vitamin C Serum,"The Coastal Vitamin C Serum from Lumen Beauty, thoughtfully made, a lightweight formula for visibly healthier skin.",https://lumen-beauty.example.com/products/lb-skin-0013,Lumen,,LB-SKIN-0013,https://livgpt.vercel.app/mock-catalog/images/lumen-beauty/skincare-1.png,,,,new,Health & Beauty > Personal Care > Cosmetics > Skin Care,Beauty > Skincare,adult,,3 in,3 in,5 in,0.52 lb,LB-SKIN-GRP-007,Skincare,,,,unisex,in_stock,,,,65,45.01 USD,40.61 USD,2026-07-01/2026-12-31,txcd_99999999,exclusive,,"US:ALL:Standard:3-5:0.00 USD,US:ALL:Expedited:1-2:9.99 USD",US:ALL:Standard:50.00 USD,
LB-SKIN-0014,Luxe Vitamin C Serum,"The Luxe Vitamin C Serum from Lumen Beauty, thoughtfully made, a lightweight formula for visibly healthier skin.",https://lumen-beauty.example.com/products/lb-skin-0014,Lumen Skin,,LB-SKIN-0014,https://livgpt.vercel.app/mock-catalog/images/lumen-beauty/skincare-2.png,,,,new,Health & Beauty > Personal Care > Cosmetics > Skin Care,Beauty > Skincare,adult,,3 in,3 in,5 in,0.51 lb,LB-SKIN-GRP-007,Skincare,,,,unisex,in_stock,,,,138,84.83 USD,,,txcd_99999999,exclusive,,"US:ALL:Standard:3-5:0.00 USD,US:ALL:Expedited:1-2:9.99 USD",US:ALL:Standard:50.00 USD,
LB-SKIN-0015,Featherlight Retinol Night Cream,"The Featherlight Retinol Night Cream from Lumen Beauty, thoughtfully made, a lightweight formula for visibly healthier skin.",https://lumen-beauty.example.com/products/lb-skin-0015,Lumen,,LB-SKIN-0015,https://livgpt.vercel.app/mock-catalog/images/lumen-beauty/skincare-3.png,,,,new,Health & Beauty > Personal Care > Cosmetics > Skin Care,Beauty > Skincare,adult,,3 in,3 in,5 in,0.53 lb,LB-SKIN-GRP-008,Skincare,,,,unisex,in_stock,,,,149,84.11 USD,,,txcd_99999999,exclusive,,"US:ALL:Standard:3-5:0.00 USD,US:ALL:Expedited:1-2:9.99 USD",US:ALL:Standard:50.00 USD,
LB-SUNS-0016,Studio Tinted SPF Cream,"The Studio Tinted SPF Cream from Lumen Beauty, thoughtfully made, broad-spectrum protection that wears beautifully.",https://lumen-beauty.example.com/products/lb-suns-0016,Lumen,,LB-SUNS-0016,https://livgpt.vercel.app/mock-catalog/images/lumen-beauty/sunscreen-1.png,,,,new,Health & Beauty > Personal Care > Cosmetics > Skin Care > Sunscreen,Beauty > Sunscreen,adult,,3 in,3 in,5 in,0.48 lb,LB-SUNS-GRP-001,Sunscreen,,,,unisex,in_stock,,,,247,16.03 USD,,,txcd_99999999,exclusive,,"US:ALL:Standard:3-5:0.00 USD,US:ALL:Expedited:1-2:9.99 USD",US:ALL:Standard:50.00 USD,
LB-SUNS-0017,Signature Tinted SPF Cream,"The Signature Tinted SPF Cream from Lumen Beauty, thoughtfully made, broad-spectrum protection that wears beautifully.",https://lumen-beauty.example.com/products/lb-suns-0017,Lumen Skin,,LB-SUNS-0017,https://livgpt.vercel.app/mock-catalog/images/lumen-beauty/sunscreen-2.png,,,,new,Health & Beauty > Personal Care > Cosmetics > Skin Care > Sunscreen,Beauty > Sunscreen,adult,,3 in,3 in,5 in,0.46 lb,LB-SUNS-GRP-001,Sunscreen,,,,unisex,in_stock,,,,247,18.75 USD,,,txcd_99999999,exclusive,,"US:ALL:Standard:3-5:0.00 USD,US:ALL:Expedited:1-2:9.99 USD",US:ALL:Standard:50.00 USD,
LB-SUNS-0018,Modern Mineral Sunscreen,"The Modern Mineral Sunscreen from Lumen Beauty, thoughtfully made, broad-spectrum protection that wears beautifully.",https://lumen-beauty.example.com/products/lb-suns-0018,Lumen Skin,,LB-SUNS-0018,https://livgpt.vercel.app/mock-catalog/images/lumen-beauty/sunscreen-3.png,,,,new,Health & Beauty > Personal Care > Cosmetics > Skin Care > Sunscreen,Beauty > Sunscreen,adult,,3 in,3 in,5 in,0.53 lb,LB-SUNS-GRP-002,Sunscreen,,,,unisex,in_stock,,,,29,22.23 USD,19.88 USD,2026-07-01/2026-12-31,txcd_99999999,exclusive,,"US:ALL:Standard:3-5:0.00 USD,US:ALL:Expedited:1-2:9.99 USD",US:ALL:Standard:50.00 USD,
LB-SUNS-0019,Coastal Sport Sunscreen Stick,"The Coastal Sport Sunscreen Stick from Lumen Beauty, thoughtfully made, broad-spectrum protection that wears beautifully.",https://lumen-beauty.example.com/products/lb-suns-0019,Lumen,,LB-SUNS-0019,https://livgpt.vercel.app/mock-catalog/images/lumen-beauty/sunscreen-1.png,,,,new,Health & Beauty > Personal Care > Cosmetics > Skin Care > Sunscreen,Beauty > Sunscreen,adult,,3 in,3 in,5 in,0.55 lb,LB-SUNS-GRP-002,Sunscreen,,,,unisex,in_stock,,,,134,43.46 USD,,,txcd_99999999,exclusive,,"US:ALL:Standard:3-5:0.00 USD,US:ALL:Expedited:1-2:9.99 USD",US:ALL:Standard:50.00 USD,
LB-SUNS-0020,Trail Tinted SPF Cream,"The Trail Tinted SPF Cream from Lumen Beauty, thoughtfully made, broad-spectrum protection that wears beautifully.",https://lumen-beauty.example.com/products/lb-suns-0020,Lumen Ritual,,LB-SUNS-0020,https://livgpt.vercel.app/mock-catalog/images/lumen-beauty/sunscreen-2.png,,,,new,Health & Beauty > Personal Care > Cosmetics > Skin Care > Sunscreen,Beauty > Sunscreen,adult,,3 in,3 in,5 in,0.5 lb,LB-SUNS-GRP-003,Sunscreen,,,,unisex,in_stock,,,,8,38.32 USD,,,txcd_99999999,exclusive,,"US:ALL:Standard:3-5:0.00 USD,US:ALL:Expedited:1-2:9.99 USD",US:ALL:Standard:50.00 USD,
LB-SUNS-0021,Alpine Tinted SPF Cream,"The Alpine Tinted SPF Cream from Lumen Beauty, thoughtfully made, broad-spectrum protection that wears beautifully.",https://lumen-beauty.example.com/products/lb-suns-0021,Lumen Ritual,,LB-SUNS-0021,https://livgpt.vercel.app/mock-catalog/images/lumen-beauty/sunscreen-3.png,,,,new,Health & Beauty > Personal Care > Cosmetics > Skin Care > Sunscreen,Beauty > Sunscreen,adult,,3 in,3 in,5 in,0.55 lb,LB-SUNS-GRP-003,Sunscreen,,,,unisex,in_stock,,,,79,31.53 USD,,,txcd_99999999,exclusive,,"US:ALL:Standard:3-5:0.00 USD,US:ALL:Expedited:1-2:9.99 USD",US:ALL:Standard:50.00 USD,
LB-SUNS-0022,Essential Mineral Sunscreen,"The Essential Mineral Sunscreen from Lumen Beauty, thoughtfully made, broad-spectrum protection that wears beautifully.",https://lumen-beauty.example.com/products/lb-suns-0022,Lumen Ritual,,LB-SUNS-0022,https://livgpt.vercel.app/mock-catalog/images/lumen-beauty/sunscreen-1.png,,,,new,Health & Beauty > Personal Care > Cosmetics > Skin Care > Sunscreen,Beauty > Sunscreen,adult,,3 in,3 in,5 in,0.49 lb,LB-SUNS-GRP-004,Sunscreen,,,,unisex,in_stock,,,,190,25.74 USD,,,txcd_99999999,exclusive,,"US:ALL:Standard:3-5:0.00 USD,US:ALL:Expedited:1-2:9.99 USD",US:ALL:Standard:50.00 USD,
LB-SUNS-0023,Trail Mineral Sunscreen,"The Trail Mineral Sunscreen from Lumen Beauty, thoughtfully made, broad-spectrum protection that wears beautifully.",https://lumen-beauty.example.com/products/lb-suns-0023,Lumen Ritual,,LB-SUNS-0023,https://livgpt.vercel.app/mock-catalog/images/lumen-beauty/sunscreen-2.png,,,,new,Health & Beauty > Personal Care > Cosmetics > Skin Care > Sunscreen,Beauty > Sunscreen,adult,,3 in,3 in,5 in,0.46 lb,LB-SUNS-GRP-004,Sunscreen,,,,unisex,in_stock,,,,198,32.23 USD,,,txcd_99999999,exclusive,,"US:ALL:Standard:3-5:0.00 USD,US:ALL:Expedited:1-2:9.99 USD",US:ALL:Standard:50.00 USD,
LB-SUNS-0024,Urban Mineral Sunscreen,"The Urban Mineral Sunscreen from Lumen Beauty, thoughtfully made, broad-spectrum protection that wears beautifully.",https://lumen-beauty.example.com/products/lb-suns-0024,Lumen Ritual,,LB-SUNS-0024,https://livgpt.vercel.app/mock-catalog/images/lumen-beauty/sunscreen-3.png,,,,new,Health & Beauty > Personal Care > Cosmetics > Skin Care > Sunscreen,Beauty > Sunscreen,adult,,3 in,3 in,5 in,0.54 lb,LB-SUNS-GRP-005,Sunscreen,,,,unisex,in_stock,,,,38,34.03 USD,,,txcd_99999999,exclusive,,"US:ALL:Standard:3-5:0.00 USD,US:ALL:Expedited:1-2:9.99 USD",US:ALL:Standard:50.00 USD,
LB-SUNS-0025,Aero SPF 50 Daily Fluid,"The Aero SPF 50 Daily Fluid from Lumen Beauty, thoughtfully made, broad-spectrum protection that wears beautifully.",https://lumen-beauty.example.com/products/lb-suns-0025,Lumen,,LB-SUNS-0025,https://livgpt.vercel.app/mock-catalog/images/lumen-beauty/sunscreen-1.png,,,,new,Health & Beauty > Personal Care > Cosmetics > Skin Care > Sunscreen,Beauty > Sunscreen,adult,,3 in,3 in,5 in,0.48 lb,LB-SUNS-GRP-005,Sunscreen,,,,unisex,out_of_stock,,,,226,31.86 USD,24.09 USD,2026-07-01/2026-12-31,txcd_99999999,exclusive,,"US:ALL:Standard:3-5:0.00 USD,US:ALL:Expedited:1-2:9.99 USD",US:ALL:Standard:50.00 USD,
LB-SUNS-0026,Premium Tinted SPF Cream,"The Premium Tinted SPF Cream from Lumen Beauty, thoughtfully made, broad-spectrum protection that wears beautifully.",https://lumen-beauty.example.com/products/lb-suns-0026,Lumen Ritual,,LB-SUNS-0026,https://livgpt.vercel.app/mock-catalog/images/lumen-beauty/sunscreen-2.png,,,,new,Health & Beauty > Personal Care > Cosmetics > Skin Care > Sunscreen,Beauty > Sunscreen,adult,,3 in,3 in,5 in,0.53 lb,LB-SUNS-GRP-006,Sunscreen,,,,unisex,in_stock,,,,243,18.92 USD,16.55 USD,2026-07-01/2026-12-31,txcd_99999999,exclusive,,"US:ALL:Standard:3-5:0.00 USD,US:ALL:Expedited:1-2:9.99 USD",US:ALL:Standard:50.00 USD,
LB-SUNS-0027,Featherlight Tinted SPF Cream,"The Featherlight Tinted SPF Cream from Lumen Beauty, thoughtfully made, broad-spectrum protection that wears beautifully.",https://lumen-beauty.example.com/products/lb-suns-0027,Lumen Skin,,LB-SUNS-0027,https://livgpt.vercel.app/mock-catalog/images/lumen-beauty/sunscreen-3.png,,,,new,Health & Beauty > Personal Care > Cosmetics > Skin Care > Sunscreen,Beauty > Sunscreen,adult,,3 in,3 in,5 in,0.47 lb,LB-SUNS-GRP-006,Sunscreen,,,,unisex,in_stock,,,,125,36.94 USD,,,txcd_99999999,exclusive,,"US:ALL:Standard:3-5:0.00 USD,US:ALL:Expedited:1-2:9.99 USD",US:ALL:Standard:50.00 USD,
LB-SUNS-0028,Urban Tinted SPF Cream,"The Urban Tinted SPF Cream from Lumen Beauty, thoughtfully made, broad-spectrum protection that wears beautifully.",https://lumen-beauty.example.com/products/lb-suns-0028,Lumen Ritual,,LB-SUNS-0028,https://livgpt.vercel.app/mock-catalog/images/lumen-beauty/sunscreen-1.png,,,,new,Health & Beauty > Personal Care > Cosmetics > Skin Care > Sunscreen,Beauty > Sunscreen,adult,,3 in,3 in,5 in,0.46 lb,LB-SUNS-GRP-007,Sunscreen,,,,unisex,in_stock,,,,230,23.77 USD,,,txcd_99999999,exclusive,,"US:ALL:Standard:3-5:0.00 USD,US:ALL:Expedited:1-2:9.99 USD",US:ALL:Standard:50.00 USD,
LB-SUNS-0029,Pro Mineral Sunscreen,"The Pro Mineral Sunscreen from Lumen Beauty, thoughtfully made, broad-spectrum protection that wears beautifully.",https://lumen-beauty.example.com/products/lb-suns-0029,Lumen,,LB-SUNS-0029,https://livgpt.vercel.app/mock-catalog/images/lumen-beauty/sunscreen-2.png,,,,new,Health & Beauty > Personal Care > Cosmetics > Skin Care > Sunscreen,Beauty > Sunscreen,adult,,3 in,3 in,5 in,0.46 lb,LB-SUNS-GRP-007,Sunscreen,,,,unisex,in_stock,,,,10,35.54 USD,,,txcd_99999999,exclusive,,"US:ALL:Standard:3-5:0.00 USD,US:ALL:Expedited:1-2:9.99 USD",US:ALL:Standard:50.00 USD,
LB-SUNS-0030,Essential Tinted SPF Cream,"The Essential Tinted SPF Cream from Lumen Beauty, thoughtfully made, broad-spectrum protection that wears beautifully.",https://lumen-beauty.example.com/products/lb-suns-0030,Lumen Skin,,LB-SUNS-0030,https://livgpt.vercel.app/mock-catalog/images/lumen-beauty/sunscreen-3.png,,,,new,Health & Beauty > Personal Care > Cosmetics > Skin Care > Sunscreen,Beauty > Sunscreen,adult,,3 in,3 in,5 in,0.52 lb,LB-SUNS-GRP-008,Sunscreen,,,,unisex,in_stock,,,,26,25.50 USD,,,txcd_99999999,exclusive,,"US:ALL:Standard:3-5:0.00 USD,US:ALL:Expedited:1-2:9.99 USD",US:ALL:Standard:50.00 USD,
LB-CAND-0031,Alpine Aromatherapy Candle,"The Alpine Aromatherapy Candle from Lumen Beauty, crafted in soy wax, a layered, long-lasting scent for calm evenings.",https://lumen-beauty.example.com/products/lb-cand-0031,Lumen Ritual,,LB-CAND-0031,https://livgpt.vercel.app/mock-catalog/images/lumen-beauty/candles-1.png,,,,new,Home & Garden > Decor > Home Fragrances > Candles,Home > Fragrance > Candles,adult,Soy Wax,4 in,4 in,5 in,1.18 lb,LB-CAND-GRP-001,Candles,,,,unisex,out_of_stock,,,,205,43.50 USD,,,txcd_99999999,exclusive,,"US:ALL:Standard:3-5:0.00 USD,US:ALL:Expedited:1-2:9.99 USD",US:ALL:Standard:50.00 USD,
LB-CAND-0032,Terra Aromatherapy Candle,"The Terra Aromatherapy Candle from Lumen Beauty, crafted in soy wax, a layered, long-lasting scent for calm evenings.",https://lumen-beauty.example.com/products/lb-cand-0032,Lumen Skin,,LB-CAND-0032,https://livgpt.vercel.app/mock-catalog/images/lumen-beauty/candles-2.png,,,,new,Home & Garden > Decor > Home Fragrances > Candles,Home > Fragrance > Candles,adult,Soy Wax,4 in,4 in,5 in,1.21 lb,LB-CAND-GRP-001,Candles,,,,unisex,in_stock,,,,240,32.38 USD,,,txcd_99999999,exclusive,,"US:ALL:Standard:3-5:0.00 USD,US:ALL:Expedited:1-2:9.99 USD",US:ALL:Standard:50.00 USD,
LB-CAND-0033,Premium Massage Candle,"The Premium Massage Candle from Lumen Beauty, crafted in soy wax, a layered, long-lasting scent for calm evenings.",https://lumen-beauty.example.com/products/lb-cand-0033,Lumen Skin,,LB-CAND-0033,https://livgpt.vercel.app/mock-catalog/images/lumen-beauty/candles-3.png,,,,new,Home & Garden > Decor > Home Fragrances > Candles,Home > Fragrance > Candles,adult,Soy Wax,4 in,4 in,5 in,1.24 lb,LB-CAND-GRP-002,Candles,,,,unisex,in_stock,,,,210,51.32 USD,,,txcd_99999999,exclusive,,"US:ALL:Standard:3-5:0.00 USD,US:ALL:Expedited:1-2:9.99 USD",US:ALL:Standard:50.00 USD,
LB-CAND-0034,Rugged Massage Candle,"The Rugged Massage Candle from Lumen Beauty, crafted in soy wax, a layered, long-lasting scent for calm evenings.",https://lumen-beauty.example.com/products/lb-cand-0034,Lumen,,LB-CAND-0034,https://livgpt.vercel.app/mock-catalog/images/lumen-beauty/candles-1.png,,,,new,Home & Garden > Decor > Home Fragrances > Candles,Home > Fragrance > Candles,adult,Soy Wax,4 in,4 in,5 in,1.31 lb,LB-CAND-GRP-002,Candles,,,,unisex,in_stock,,,,183,39.15 USD,29.81 USD,2026-07-01/2026-12-31,txcd_99999999,exclusive,,"US:ALL:Standard:3-5:0.00 USD,US:ALL:Expedited:1-2:9.99 USD",US:ALL:Standard:50.00 USD,
LB-CAND-0035,Everyday Massage Candle,"The Everyday Massage Candle from Lumen Beauty, crafted in soy wax, a layered, long-lasting scent for calm evenings.",https://lumen-beauty.example.com/products/lb-cand-0035,Lumen,,LB-CAND-0035,https://livgpt.vercel.app/mock-catalog/images/lumen-beauty/candles-2.png,,,,new,Home & Garden > Decor > Home Fragrances > Candles,Home > Fragrance > Candles,adult,Soy Wax,4 in,4 in,5 in,1.3 lb,LB-CAND-GRP-003,Candles,,,,unisex,in_stock,,,,12,44.93 USD,41.22 USD,2026-07-01/2026-12-31,txcd_99999999,exclusive,,"US:ALL:Standard:3-5:0.00 USD,US:ALL:Expedited:1-2:9.99 USD",US:ALL:Standard:50.00 USD,
LB-CAND-0036,Luxe Reed Diffuser,"The Luxe Reed Diffuser from Lumen Beauty, crafted in soy wax, a layered, long-lasting scent for calm evenings.",https://lumen-beauty.example.com/products/lb-cand-0036,Lumen Skin,,LB-CAND-0036,https://livgpt.vercel.app/mock-catalog/images/lumen-beauty/candles-3.png,,,,new,Home & Garden > Decor > Home Fragrances > Candles,Home > Fragrance > Candles,adult,Soy Wax,4 in,4 in,5 in,1.15 lb,LB-CAND-GRP-003,Candles,,,,unisex,in_stock,,,,19,30.75 USD,,,txcd_99999999,exclusive,,"US:ALL:Standard:3-5:0.00 USD,US:ALL:Expedited:1-2:9.99 USD",US:ALL:Standard:50.00 USD,
LB-CAND-0037,Aero Massage Candle,"The Aero Massage Candle from Lumen Beauty, crafted in soy wax, a layered, long-lasting scent for calm evenings.",https://lumen-beauty.example.com/products/lb-cand-0037,Lumen Skin,,LB-CAND-0037,https://livgpt.vercel.app/mock-catalog/images/lumen-beauty/candles-1.png,,,,new,Home & Garden > Decor > Home Fragrances > Candles,Home > Fragrance > Candles,adult,Soy Wax,4 in,4 in,5 in,1.21 lb,LB-CAND-GRP-004,Candles,,,,unisex,in_stock,,,,217,23.18 USD,21.27 USD,2026-07-01/2026-12-31,txcd_99999999,exclusive,,"US:ALL:Standard:3-5:0.00 USD,US:ALL:Expedited:1-2:9.99 USD",US:ALL:Standard:50.00 USD,
LB-CAND-0038,Heritage Reed Diffuser,"The Heritage Reed Diffuser from Lumen Beauty, crafted in soy wax, a layered, long-lasting scent for calm evenings.",https://lumen-beauty.example.com/products/lb-cand-0038,Lumen,,LB-CAND-0038,https://livgpt.vercel.app/mock-catalog/images/lumen-beauty/candles-2.png,,,,new,Home & Garden > Decor > Home Fragrances > Candles,Home > Fragrance > Candles,adult,Soy Wax,4 in,4 in,5 in,1.19 lb,LB-CAND-GRP-004,Candles,,,,unisex,in_stock,,,,1,48.24 USD,40.92 USD,2026-07-01/2026-12-31,txcd_99999999,exclusive,,"US:ALL:Standard:3-5:0.00 USD,US:ALL:Expedited:1-2:9.99 USD",US:ALL:Standard:50.00 USD,
LB-CAND-0039,Featherlight Massage Candle,"The Featherlight Massage Candle from Lumen Beauty, crafted in soy wax, a layered, long-lasting scent for calm evenings.",https://lumen-beauty.example.com/products/lb-cand-0039,Lumen Skin,,LB-CAND-0039,https://livgpt.vercel.app/mock-catalog/images/lumen-beauty/candles-3.png,,,,new,Home & Garden > Decor > Home Fragrances > Candles,Home > Fragrance > Candles,adult,Soy Wax,4 in,4 in,5 in,1.1 lb,LB-CAND-GRP-005,Candles,,,,unisex,in_stock,,,,40,29.09 USD,,,txcd_99999999,exclusive,,"US:ALL:Standard:3-5:0.00 USD,US:ALL:Expedited:1-2:9.99 USD",US:ALL:Standard:50.00 USD,
LB-CAND-0040,Modern Aromatherapy Candle,"The Modern Aromatherapy Candle from Lumen Beauty, crafted in soy wax, a layered, long-lasting scent for calm evenings.",https://lumen-beauty.example.com/products/lb-cand-0040,Lumen Skin,,LB-CAND-0040,https://livgpt.vercel.app/mock-catalog/images/lumen-beauty/candles-1.png,,,,new,Home & Garden > Decor > Home Fragrances > Candles,Home > Fragrance > Candles,adult,Soy Wax,4 in,4 in,5 in,1.25 lb,LB-CAND-GRP-005,Candles,,,,unisex,in_stock,,,,223,24.84 USD,,,txcd_99999999,exclusive,,"US:ALL:Standard:3-5:0.00 USD,US:ALL:Expedited:1-2:9.99 USD",US:ALL:Standard:50.00 USD,
LB-CAND-0041,Rugged Reed Diffuser,"The Rugged Reed Diffuser from Lumen Beauty, crafted in soy wax, a layered, long-lasting scent for calm evenings.",https://lumen-beauty.example.com/products/lb-cand-0041,Lumen Skin,,LB-CAND-0041,https://livgpt.vercel.app/mock-catalog/images/lumen-beauty/candles-2.png,,,,new,Home & Garden > Decor > Home Fragrances > Candles,Home > Fragrance > Candles,adult,Soy Wax,4 in,4 in,5 in,1.31 lb,LB-CAND-GRP-006,Candles,,,,unisex,in_stock,,,,189,33.14 USD,,,txcd_99999999,exclusive,,"US:ALL:Standard:3-5:0.00 USD,US:ALL:Expedited:1-2:9.99 USD",US:ALL:Standard:50.00 USD,
LB-CAND-0042,Classic Scented Candle,"The Classic Scented Candle from Lumen Beauty, crafted in soy wax, a layered, long-lasting scent for calm evenings.",https://lumen-beauty.example.com/products/lb-cand-0042,Lumen Ritual,,LB-CAND-0042,https://livgpt.vercel.app/mock-catalog/images/lumen-beauty/candles-3.png,,,,new,Home & Garden > Decor > Home Fragrances > Candles,Home > Fragrance > Candles,adult,Soy Wax,4 in,4 in,5 in,1.31 lb,LB-CAND-GRP-006,Candles,,,,unisex,in_stock,,,,166,47.77 USD,,,txcd_99999999,exclusive,,"US:ALL:Standard:3-5:0.00 USD,US:ALL:Expedited:1-2:9.99 USD",US:ALL:Standard:50.00 USD,
LB-CAND-0043,Urban Reed Diffuser,"The Urban Reed Diffuser from Lumen Beauty, crafted in soy wax, a layered, long-lasting scent for calm evenings.",https://lumen-beauty.example.com/products/lb-cand-0043,Lumen Ritual,,LB-CAND-0043,https://livgpt.vercel.app/mock-catalog/images/lumen-beauty/candles-1.png,,,,new,Home & Garden > Decor > Home Fragrances > Candles,Home > Fragrance > Candles,adult,Soy Wax,4 in,4 in,5 in,1.22 lb,LB-CAND-GRP-007,Candles,,,,unisex,in_stock,,,,142,39.36 USD,30.12 USD,2026-07-01/2026-12-31,txcd_99999999,exclusive,,"US:ALL:Standard:3-5:0.00 USD,US:ALL:Expedited:1-2:9.99 USD",US:ALL:Standard:50.00 USD,
LB-CAND-0044,Aero Aromatherapy Candle,"The Aero Aromatherapy Candle from Lumen Beauty, crafted in soy wax, a layered, long-lasting scent for calm evenings.",https://lumen-beauty.example.com/products/lb-cand-0044,Lumen Ritual,,LB-CAND-0044,https://livgpt.vercel.app/mock-catalog/images/lumen-beauty/candles-2.png,,,,new,Home & Garden > Decor > Home Fragrances > Candles,Home > Fragrance > Candles,adult,Soy Wax,4 in,4 in,5 in,1.16 lb,LB-CAND-GRP-007,Candles,,,,unisex,in_stock,,,,55,51.05 USD,44.69 USD,2026-07-01/2026-12-31,txcd_99999999,exclusive,,"US:ALL:Standard:3-5:0.00 USD,US:ALL:Expedited:1-2:9.99 USD",US:ALL:Standard:50.00 USD,
LB-CAND-0045,Rugged Scented Candle,"The Rugged Scented Candle from Lumen Beauty, crafted in soy wax, a layered, long-lasting scent for calm evenings.",https://lumen-beauty.example.com/products/lb-cand-0045,Lumen Ritual,,LB-CAND-0045,https://livgpt.vercel.app/mock-catalog/images/lumen-beauty/candles-3.png,,,,new,Home & Garden > Decor > Home Fragrances > Candles,Home > Fragrance > Candles,adult,Soy Wax,4 in,4 in,5 in,1.08 lb,LB-CAND-GRP-008,Candles,,,,unisex,in_stock,,,,244,33.36 USD,30.01 USD,2026-07-01/2026-12-31,txcd_99999999,exclusive,,"US:ALL:Standard:3-5:0.00 USD,US:ALL:Expedited:1-2:9.99 USD",US:ALL:Standard:50.00 USD,
LB-HAIR-0046,Rugged Wide-Tooth Comb – Sky Blue,"The Rugged Wide-Tooth Comb from Lumen Beauty, thoughtfully made, nourishes and strengthens from root to tip. Shown in Sky Blue.",https://lumen-beauty.example.com/products/lb-hair-0046,Lumen Skin,,LB-HAIR-0046,https://livgpt.vercel.app/mock-catalog/images/lumen-beauty/haircare-1.png,,,,new,Health & Beauty > Personal Care > Hair Care,Beauty > Hair,adult,,3 in,3 in,5 in,0.53 lb,LB-HAIR-GRP-001,Hair,Sky Blue,,,unisex,in_stock,,,,227,44.16 USD,,,txcd_99999999,exclusive,,"US:ALL:Standard:3-5:0.00 USD,US:ALL:Expedited:1-2:9.99 USD",US:ALL:Standard:50.00 USD,
LB-HAIR-0047,Minimalist Hair Oil – Forest Green,"The Minimalist Hair Oil from Lumen Beauty, crafted in silk, nourishes and strengthens from root to tip. Shown in Forest Green.",https://lumen-beauty.example.com/products/lb-hair-0047,Lumen Ritual,,LB-HAIR-0047,https://livgpt.vercel.app/mock-catalog/images/lumen-beauty/haircare-2.png,,,,new,Health & Beauty > Personal Care > Hair Care,Beauty > Hair,adult,Silk,3 in,3 in,5 in,0.48 lb,LB-HAIR-GRP-001,Hair,Forest Green,,,unisex,in_stock,,,,232,65.29 USD,,,txcd_99999999,exclusive,,"US:ALL:Standard:3-5:0.00 USD,US:ALL:Expedited:1-2:9.99 USD",US:ALL:Standard:50.00 USD,
LB-HAIR-0048,Trail Hair Oil – White,"The Trail Hair Oil from Lumen Beauty, thoughtfully made, nourishes and strengthens from root to tip. Shown in White.",https://lumen-beauty.example.com/products/lb-hair-0048,Lumen Skin,,LB-HAIR-0048,https://livgpt.vercel.app/mock-catalog/images/lumen-beauty/haircare-3.png,,,,new,Health & Beauty > Personal Care > Hair Care,Beauty > Hair,adult,,3 in,3 in,5 in,0.53 lb,LB-HAIR-GRP-002,Hair,White,,,unisex,in_stock,,,,202,29.11 USD,,,txcd_99999999,exclusive,,"US:ALL:Standard:3-5:0.00 USD,US:ALL:Expedited:1-2:9.99 USD",US:ALL:Standard:50.00 USD,
LB-HAIR-0049,Luxe Hair Oil – White,"The Luxe Hair Oil from Lumen Beauty, crafted in silk, nourishes and strengthens from root to tip. Shown in White.",https://lumen-beauty.example.com/products/lb-hair-0049,Lumen,,LB-HAIR-0049,https://livgpt.vercel.app/mock-catalog/images/lumen-beauty/haircare-1.png,,,,new,Health & Beauty > Personal Care > Hair Care,Beauty > Hair,adult,Silk,3 in,3 in,5 in,0.54 lb,LB-HAIR-GRP-002,Hair,White,,,unisex,in_stock,,,,157,67.65 USD,,,txcd_99999999,exclusive,,"US:ALL:Standard:3-5:0.00 USD,US:ALL:Expedited:1-2:9.99 USD",US:ALL:Standard:50.00 USD,
LB-HAIR-0050,Modern Wide-Tooth Comb – White,"The Modern Wide-Tooth Comb from Lumen Beauty, crafted in silk, nourishes and strengthens from root to tip. Shown in White.",https://lumen-beauty.example.com/products/lb-hair-0050,Lumen Skin,,LB-HAIR-0050,https://livgpt.vercel.app/mock-catalog/images/lumen-beauty/haircare-2.png,,,,new,Health & Beauty > Personal Care > Hair Care,Beauty > Hair,adult,Silk,3 in,3 in,5 in,0.53 lb,LB-HAIR-GRP-003,Hair,White,,,unisex,in_stock,,,,163,25.28 USD,,,txcd_99999999,exclusive,,"US:ALL:Standard:3-5:0.00 USD,US:ALL:Expedited:1-2:9.99 USD",US:ALL:Standard:50.00 USD,
LB-HAIR-0051,Signature Repair Shampoo – Navy,"The Signature Repair Shampoo from Lumen Beauty, crafted in silk, nourishes and strengthens from root to tip. Shown in Navy.",https://lumen-beauty.example.com/products/lb-hair-0051,Lumen,,LB-HAIR-0051,https://livgpt.vercel.app/mock-catalog/images/lumen-beauty/haircare-3.png,,,,new,Health & Beauty > Personal Care > Hair Care,Beauty > Hair,adult,Silk,3 in,3 in,5 in,0.53 lb,LB-HAIR-GRP-003,Hair,Navy,,,unisex,in_stock,,,,247,65.10 USD,,,txcd_99999999,exclusive,,"US:ALL:Standard:3-5:0.00 USD,US:ALL:Expedited:1-2:9.99 USD",US:ALL:Standard:50.00 USD,
LB-HAIR-0052,Studio Wide-Tooth Comb – Sand,"The Studio Wide-Tooth Comb from Lumen Beauty, thoughtfully made, nourishes and strengthens from root to tip. Shown in Sand.",https://lumen-beauty.example.com/products/lb-hair-0052,Lumen Skin,,LB-HAIR-0052,https://livgpt.vercel.app/mock-catalog/images/lumen-beauty/haircare-1.png,,,,new,Health & Beauty > Personal Care > Hair Care,Beauty > Hair,adult,,3 in,3 in,5 in,0.52 lb,LB-HAIR-GRP-004,Hair,Sand,,,unisex,in_stock,,,,2,53.84 USD,,,txcd_99999999,exclusive,,"US:ALL:Standard:3-5:0.00 USD,US:ALL:Expedited:1-2:9.99 USD",US:ALL:Standard:50.00 USD,
LB-HAIR-0053,Trail Conditioner – Terracotta,"The Trail Conditioner from Lumen Beauty, thoughtfully made, nourishes and strengthens from root to tip. Shown in Terracotta.",https://lumen-beauty.example.com/products/lb-hair-0053,Lumen,,LB-HAIR-0053,https://livgpt.vercel.app/mock-catalog/images/lumen-beauty/haircare-2.png,,,,new,Health & Beauty > Personal Care > Hair Care,Beauty > Hair,adult,,3 in,3 in,5 in,0.46 lb,LB-HAIR-GRP-004,Hair,Terracotta,,,unisex,in_stock,,,,90,64.39 USD,,,txcd_99999999,exclusive,,"US:ALL:Standard:3-5:0.00 USD,US:ALL:Expedited:1-2:9.99 USD",US:ALL:Standard:50.00 USD,
LB-HAIR-0054,Aero Hair Oil – Slate Gray,"The Aero Hair Oil from Lumen Beauty, crafted in silk, nourishes and strengthens from root to tip. Shown in Slate Gray.",https://lumen-beauty.example.com/products/lb-hair-0054,Lumen Skin,,LB-HAIR-0054,https://livgpt.vercel.app/mock-catalog/images/lumen-beauty/haircare-3.png,,,,new,Health & Beauty > Personal Care > Hair Care,Beauty > Hair,adult,Silk,3 in,3 in,5 in,0.49 lb,LB-HAIR-GRP-005,Hair,Slate Gray,,,unisex,in_stock,,,,248,18.14 USD,,,txcd_99999999,exclusive,,"US:ALL:Standard:3-5:0.00 USD,US:ALL:Expedited:1-2:9.99 USD",US:ALL:Standard:50.00 USD,
LB-HAIR-0055,Pro Conditioner – Sky Blue,"The Pro Conditioner from Lumen Beauty, thoughtfully made, nourishes and strengthens from root to tip. Shown in Sky Blue.",https://lumen-beauty.example.com/products/lb-hair-0055,Lumen,,LB-HAIR-0055,https://livgpt.vercel.app/mock-catalog/images/lumen-beauty/haircare-1.png,,,,new,Health & Beauty > Personal Care > Hair Care,Beauty > Hair,adult,,3 in,3 in,5 in,0.53 lb,LB-HAIR-GRP-005,Hair,Sky Blue,,,unisex,in_stock,,,,50,42.11 USD,35.70 USD,2026-07-01/2026-12-31,txcd_99999999,exclusive,,"US:ALL:Standard:3-5:0.00 USD,US:ALL:Expedited:1-2:9.99 USD",US:ALL:Standard:50.00 USD,
LB-HAIR-0056,Alpine Silk Scrunchie Set – Olive,"The Alpine Silk Scrunchie Set from Lumen Beauty, thoughtfully made, nourishes and strengthens from root to tip. Shown in Olive.",https://lumen-beauty.example.com/products/lb-hair-0056,Lumen Ritual,,LB-HAIR-0056,https://livgpt.vercel.app/mock-catalog/images/lumen-beauty/haircare-2.png,,,,new,Health & Beauty > Personal Care > Hair Care,Beauty > Hair,adult,,3 in,3 in,5 in,0.55 lb,LB-HAIR-GRP-006,Hair,Olive,,,unisex,in_stock,,,,105,38.78 USD,,,txcd_99999999,exclusive,,"US:ALL:Standard:3-5:0.00 USD,US:ALL:Expedited:1-2:9.99 USD",US:ALL:Standard:50.00 USD,
LB-HAIR-0057,Pro Hair Oil – Burgundy,"The Pro Hair Oil from Lumen Beauty, crafted in silk, nourishes and strengthens from root to tip. Shown in Burgundy.",https://lumen-beauty.example.com/products/lb-hair-0057,Lumen Ritual,,LB-HAIR-0057,https://livgpt.vercel.app/mock-catalog/images/lumen-beauty/haircare-3.png,,,,new,Health & Beauty > Personal Care > Hair Care,Beauty > Hair,adult,Silk,3 in,3 in,5 in,0.45 lb,LB-HAIR-GRP-006,Hair,Burgundy,,,unisex,out_of_stock,,,,22,37.95 USD,,,txcd_99999999,exclusive,,"US:ALL:Standard:3-5:0.00 USD,US:ALL:Expedited:1-2:9.99 USD",US:ALL:Standard:50.00 USD,
LB-HAIR-0058,Heritage Wide-Tooth Comb – Forest Green,"The Heritage Wide-Tooth Comb from Lumen Beauty, crafted in silk, nourishes and strengthens from root to tip. Shown in Forest Green.",https://lumen-beauty.example.com/products/lb-hair-0058,Lumen Skin,,LB-HAIR-0058,https://livgpt.vercel.app/mock-catalog/images/lumen-beauty/haircare-1.png,,,,new,Health & Beauty > Personal Care > Hair Care,Beauty > Hair,adult,Silk,3 in,3 in,5 in,0.52 lb,LB-HAIR-GRP-007,Hair,Forest Green,,,unisex,in_stock,,,,56,14.06 USD,,,txcd_99999999,exclusive,,"US:ALL:Standard:3-5:0.00 USD,US:ALL:Expedited:1-2:9.99 USD",US:ALL:Standard:50.00 USD,
LB-HAIR-0059,Modern Repair Shampoo – Forest Green,"The Modern Repair Shampoo from Lumen Beauty, thoughtfully made, nourishes and strengthens from root to tip. Shown in Forest Green.",https://lumen-beauty.example.com/products/lb-hair-0059,Lumen Skin,,LB-HAIR-0059,https://livgpt.vercel.app/mock-catalog/images/lumen-beauty/haircare-2.png,,,,new,Health & Beauty > Personal Care > Hair Care,Beauty > Hair,adult,,3 in,3 in,5 in,0.46 lb,LB-HAIR-GRP-007,Hair,Forest Green,,,unisex,in_stock,,,,187,49.25 USD,,,txcd_99999999,exclusive,,"US:ALL:Standard:3-5:0.00 USD,US:ALL:Expedited:1-2:9.99 USD",US:ALL:Standard:50.00 USD,
LB-HAIR-0060,Terra Conditioner – Navy,"The Terra Conditioner from Lumen Beauty, thoughtfully made, nourishes and strengthens from root to tip. Shown in Navy.",https://lumen-beauty.example.com/products/lb-hair-0060,Lumen Ritual,,LB-HAIR-0060,https://livgpt.vercel.app/mock-catalog/images/lumen-beauty/haircare-3.png,,,,new,Health & Beauty > Personal Care > Hair Care,Beauty > Hair,adult,,3 in,3 in,5 in,0.53 lb,LB-HAIR-GRP-008,Hair,Navy,,,unisex,in_stock,,,,220,31.38 USD,28.52 USD,2026-07-01/2026-12-31,txcd_99999999,exclusive,,"US:ALL:Standard:3-5:0.00 USD,US:ALL:Expedited:1-2:9.99 USD",US:ALL:Standard:50.00 USD,
LB-BATH-0061,Modern Whipped Body Butter,"The Modern Whipped Body Butter from Lumen Beauty, thoughtfully made, leaves skin soft, smooth, and lightly scented.",https://lumen-beauty.example.com/products/lb-bath-0061,Lumen,,LB-BATH-0061,https://livgpt.vercel.app/mock-catalog/images/lumen-beauty/bath-1.png,,,,new,Health & Beauty > Personal Care > Bath & Body,Beauty > Bath & Body,adult,,3 in,3 in,5 in,0.46 lb,LB-BATH-GRP-001,Bath & Body,,,,unisex,in_stock,,,,17,21.40 USD,,,txcd_99999999,exclusive,,"US:ALL:Standard:3-5:0.00 USD,US:ALL:Expedited:1-2:9.99 USD",US:ALL:Standard:50.00 USD,
LB-BATH-0062,Pro Whipped Body Butter,"The Pro Whipped Body Butter from Lumen Beauty, thoughtfully made, leaves skin soft, smooth, and lightly scented.",https://lumen-beauty.example.com/products/lb-bath-0062,Lumen,,LB-BATH-0062,https://livgpt.vercel.app/mock-catalog/images/lumen-beauty/bath-2.png,,,,new,Health & Beauty > Personal Care > Bath & Body,Beauty > Bath & Body,adult,,3 in,3 in,5 in,0.47 lb,LB-BATH-GRP-001,Bath & Body,,,,unisex,in_stock,,,,27,29.22 USD,,,txcd_99999999,exclusive,,"US:ALL:Standard:3-5:0.00 USD,US:ALL:Expedited:1-2:9.99 USD",US:ALL:Standard:50.00 USD,
LB-BATH-0063,Studio Whipped Body Butter,"The Studio Whipped Body Butter from Lumen Beauty, thoughtfully made, leaves skin soft, smooth, and lightly scented.",https://lumen-beauty.example.com/products/lb-bath-0063,Lumen,,LB-BATH-0063,https://livgpt.vercel.app/mock-catalog/images/lumen-beauty/bath-3.png,,,,new,Health & Beauty > Personal Care > Bath & Body,Beauty > Bath & Body,adult,,3 in,3 in,5 in,0.54 lb,LB-BATH-GRP-002,Bath & Body,,,,unisex,in_stock,,,,123,29.16 USD,24.86 USD,2026-07-01/2026-12-31,txcd_99999999,exclusive,,"US:ALL:Standard:3-5:0.00 USD,US:ALL:Expedited:1-2:9.99 USD",US:ALL:Standard:50.00 USD,
LB-BATH-0064,Everyday Exfoliating Scrub,"The Everyday Exfoliating Scrub from Lumen Beauty, thoughtfully made, leaves skin soft, smooth, and lightly scented.",https://lumen-beauty.example.com/products/lb-bath-0064,Lumen,,LB-BATH-0064,https://livgpt.vercel.app/mock-catalog/images/lumen-beauty/bath-1.png,,,,new,Health & Beauty > Personal Care > Bath & Body,Beauty > Bath & Body,adult,,3 in,3 in,5 in,0.48 lb,LB-BATH-GRP-002,Bath & Body,,,,unisex,in_stock,,,,92,17.14 USD,,,txcd_99999999,exclusive,,"US:ALL:Standard:3-5:0.00 USD,US:ALL:Expedited:1-2:9.99 USD",US:ALL:Standard:50.00 USD,
LB-BATH-0065,Modern Bath Salts,"The Modern Bath Salts from Lumen Beauty, thoughtfully made, leaves skin soft, smooth, and lightly scented.",https://lumen-beauty.example.com/products/lb-bath-0065,Lumen,,LB-BATH-0065,https://livgpt.vercel.app/mock-catalog/images/lumen-beauty/bath-2.png,,,,new,Health & Beauty > Personal Care > Bath & Body,Beauty > Bath & Body,adult,,3 in,3 in,5 in,0.48 lb,LB-BATH-GRP-003,Bath & Body,,,,unisex,in_stock,,,,195,20.57 USD,,,txcd_99999999,exclusive,,"US:ALL:Standard:3-5:0.00 USD,US:ALL:Expedited:1-2:9.99 USD",US:ALL:Standard:50.00 USD,
LB-BATH-0066,Rugged Whipped Body Butter,"The Rugged Whipped Body Butter from Lumen Beauty, thoughtfully made, leaves skin soft, smooth, and lightly scented.",https://lumen-beauty.example.com/products/lb-bath-0066,Lumen,,LB-BATH-0066,https://livgpt.vercel.app/mock-catalog/images/lumen-beauty/bath-3.png,,,,new,Health & Beauty > Personal Care > Bath & Body,Beauty > Bath & Body,adult,,3 in,3 in,5 in,0.45 lb,LB-BATH-GRP-003,Bath & Body,,,,unisex,in_stock,,,,111,27.55 USD,,,txcd_99999999,exclusive,,"US:ALL:Standard:3-5:0.00 USD,US:ALL:Expedited:1-2:9.99 USD",US:ALL:Standard:50.00 USD,
LB-BATH-0067,Aero Body Wash,"The Aero Body Wash from Lumen Beauty, thoughtfully made, leaves skin soft, smooth, and lightly scented.",https://lumen-beauty.example.com/products/lb-bath-0067,Lumen,,LB-BATH-0067,https://livgpt.vercel.app/mock-catalog/images/lumen-beauty/bath-1.png,,,,new,Health & Beauty > Personal Care > Bath & Body,Beauty > Bath & Body,adult,,3 in,3 in,5 in,0.51 lb,LB-BATH-GRP-004,Bath & Body,,,,unisex,in_stock,,,,3,38.91 USD,35.44 USD,2026-07-01/2026-12-31,txcd_99999999,exclusive,,"US:ALL:Standard:3-5:0.00 USD,US:ALL:Expedited:1-2:9.99 USD",US:ALL:Standard:50.00 USD,
LB-BATH-0068,Featherlight Exfoliating Scrub,"The Featherlight Exfoliating Scrub from Lumen Beauty, thoughtfully made, leaves skin soft, smooth, and lightly scented.",https://lumen-beauty.example.com/products/lb-bath-0068,Lumen Ritual,,LB-BATH-0068,https://livgpt.vercel.app/mock-catalog/images/lumen-beauty/bath-2.png,,,,new,Health & Beauty > Personal Care > Bath & Body,Beauty > Bath & Body,adult,,3 in,3 in,5 in,0.47 lb,LB-BATH-GRP-004,Bath & Body,,,,unisex,in_stock,,,,6,30.37 USD,24.77 USD,2026-07-01/2026-12-31,txcd_99999999,exclusive,,"US:ALL:Standard:3-5:0.00 USD,US:ALL:Expedited:1-2:9.99 USD",US:ALL:Standard:50.00 USD,
LB-BATH-0069,Minimalist Bath Salts,"The Minimalist Bath Salts from Lumen Beauty, thoughtfully made, leaves skin soft, smooth, and lightly scented.",https://lumen-beauty.example.com/products/lb-bath-0069,Lumen,,LB-BATH-0069,https://livgpt.vercel.app/mock-catalog/images/lumen-beauty/bath-3.png,,,,new,Health & Beauty > Personal Care > Bath & Body,Beauty > Bath & Body,adult,,3 in,3 in,5 in,0.55 lb,LB-BATH-GRP-005,Bath & Body,,,,unisex,in_stock,,,,215,19.12 USD,,,txcd_99999999,exclusive,,"US:ALL:Standard:3-5:0.00 USD,US:ALL:Expedited:1-2:9.99 USD",US:ALL:Standard:50.00 USD,
LB-BATH-0070,Aero Exfoliating Scrub,"The Aero Exfoliating Scrub from Lumen Beauty, thoughtfully made, leaves skin soft, smooth, and lightly scented.",https://lumen-beauty.example.com/products/lb-bath-0070,Lumen Skin,,LB-BATH-0070,https://livgpt.vercel.app/mock-catalog/images/lumen-beauty/bath-1.png,,,,new,Health & Beauty > Personal Care > Bath & Body,Beauty > Bath & Body,adult,,3 in,3 in,5 in,0.53 lb,LB-BATH-GRP-005,Bath & Body,,,,unisex,in_stock,,,,108,32.21 USD,,,txcd_99999999,exclusive,,"US:ALL:Standard:3-5:0.00 USD,US:ALL:Expedited:1-2:9.99 USD",US:ALL:Standard:50.00 USD,
LB-BATH-0071,Rugged Body Wash,"The Rugged Body Wash from Lumen Beauty, thoughtfully made, leaves skin soft, smooth, and lightly scented.",https://lumen-beauty.example.com/products/lb-bath-0071,Lumen Ritual,,LB-BATH-0071,https://livgpt.vercel.app/mock-catalog/images/lumen-beauty/bath-2.png,,,,new,Health & Beauty > Personal Care > Bath & Body,Beauty > Bath & Body,adult,,3 in,3 in,5 in,0.55 lb,LB-BATH-GRP-006,Bath & Body,,,,unisex,in_stock,,,,197,24.32 USD,,,txcd_99999999,exclusive,,"US:ALL:Standard:3-5:0.00 USD,US:ALL:Expedited:1-2:9.99 USD",US:ALL:Standard:50.00 USD,
LB-BATH-0072,Urban Bath Salts,"The Urban Bath Salts from Lumen Beauty, thoughtfully made, leaves skin soft, smooth, and lightly scented.",https://lumen-beauty.example.com/products/lb-bath-0072,Lumen,,LB-BATH-0072,https://livgpt.vercel.app/mock-catalog/images/lumen-beauty/bath-3.png,,,,new,Health & Beauty > Personal Care > Bath & Body,Beauty > Bath & Body,adult,,3 in,3 in,5 in,0.54 lb,LB-BATH-GRP-006,Bath & Body,,,,unisex,in_stock,,,,134,17.77 USD,,,txcd_99999999,exclusive,,"US:ALL:Standard:3-5:0.00 USD,US:ALL:Expedited:1-2:9.99 USD",US:ALL:Standard:50.00 USD,
LB-BATH-0073,Signature Whipped Body Butter,"The Signature Whipped Body Butter from Lumen Beauty, thoughtfully made, leaves skin soft, smooth, and lightly scented.",https://lumen-beauty.example.com/products/lb-bath-0073,Lumen Ritual,,LB-BATH-0073,https://livgpt.vercel.app/mock-catalog/images/lumen-beauty/bath-1.png,,,,new,Health & Beauty > Personal Care > Bath & Body,Beauty > Bath & Body,adult,,3 in,3 in,5 in,0.55 lb,LB-BATH-GRP-007,Bath & Body,,,,unisex,in_stock,,,,178,48.35 USD,,,txcd_99999999,exclusive,,"US:ALL:Standard:3-5:0.00 USD,US:ALL:Expedited:1-2:9.99 USD",US:ALL:Standard:50.00 USD,
LB-BATH-0074,Classic Whipped Body Butter,"The Classic Whipped Body Butter from Lumen Beauty, thoughtfully made, leaves skin soft, smooth, and lightly scented.",https://lumen-beauty.example.com/products/lb-bath-0074,Lumen Skin,,LB-BATH-0074,https://livgpt.vercel.app/mock-catalog/images/lumen-beauty/bath-2.png,,,,new,Health & Beauty > Personal Care > Bath & Body,Beauty > Bath & Body,adult,,3 in,3 in,5 in,0.48 lb,LB-BATH-GRP-007,Bath & Body,,,,unisex,in_stock,,,,64,37.70 USD,,,txcd_99999999,exclusive,,"US:ALL:Standard:3-5:0.00 USD,US:ALL:Expedited:1-2:9.99 USD",US:ALL:Standard:50.00 USD,
LB-BATH-0075,Premium Whipped Body Butter,"The Premium Whipped Body Butter from Lumen Beauty, thoughtfully made, leaves skin soft, smooth, and lightly scented.",https://lumen-beauty.example.com/products/lb-bath-0075,Lumen Skin,,LB-BATH-0075,https://livgpt.vercel.app/mock-catalog/images/lumen-beauty/bath-3.png,,,,new,Health & Beauty > Personal Care > Bath & Body,Beauty > Bath & Body,adult,,3 in,3 in,5 in,0.55 lb,LB-BATH-GRP-008,Bath & Body,,,,unisex,in_stock,,,,154,13.74 USD,,,txcd_99999999,exclusive,,"US:ALL:Standard:3-5:0.00 USD,US:ALL:Expedited:1-2:9.99 USD",US:ALL:Standard:50.00 USD,
LB-MAKE-0076,Minimalist Tinted Lip Balm – Cream,"The Minimalist Tinted Lip Balm from Lumen Beauty, thoughtfully made, a clean, buildable formula for an effortless look. Shown in Cream.",https://lumen-beauty.example.com/products/lb-make-0076,Lumen Skin,,LB-MAKE-0076,https://livgpt.vercel.app/mock-catalog/images/lumen-beauty/makeup-1.png,,,,new,Health & Beauty > Personal Care > Cosmetics > Makeup,Beauty > Makeup,adult,,3 in,3 in,5 in,0.53 lb,LB-MAKE-GRP-001,Makeup,Cream,,,unisex,in_stock,,,,218,57.26 USD,,,txcd_99999999,exclusive,,"US:ALL:Standard:3-5:0.00 USD,US:ALL:Expedited:1-2:9.99 USD",US:ALL:Standard:50.00 USD,
LB-MAKE-0077,Trail Cream Blush – Terracotta,"The Trail Cream Blush from Lumen Beauty, thoughtfully made, a clean, buildable formula for an effortless look. Shown in Terracotta.",https://lumen-beauty.example.com/products/lb-make-0077,Lumen Skin,,LB-MAKE-0077,https://livgpt.vercel.app/mock-catalog/images/lumen-beauty/makeup-2.png,,,,new,Health & Beauty > Personal Care > Cosmetics > Makeup,Beauty > Makeup,adult,,3 in,3 in,5 in,0.51 lb,LB-MAKE-GRP-001,Makeup,Terracotta,,,unisex,in_stock,,,,135,58.92 USD,,,txcd_99999999,exclusive,,"US:ALL:Standard:3-5:0.00 USD,US:ALL:Expedited:1-2:9.99 USD",US:ALL:Standard:50.00 USD,
LB-MAKE-0078,Everyday Liquid Foundation – Blush Pink,"The Everyday Liquid Foundation from Lumen Beauty, thoughtfully made, a clean, buildable formula for an effortless look. Shown in Blush Pink.",https://lumen-beauty.example.com/products/lb-make-0078,Lumen,,LB-MAKE-0078,https://livgpt.vercel.app/mock-catalog/images/lumen-beauty/makeup-3.png,,,,new,Health & Beauty > Personal Care > Cosmetics > Makeup,Beauty > Makeup,adult,,3 in,3 in,5 in,0.54 lb,LB-MAKE-GRP-002,Makeup,Blush Pink,,,unisex,in_stock,,,,149,33.02 USD,,,txcd_99999999,exclusive,,"US:ALL:Standard:3-5:0.00 USD,US:ALL:Expedited:1-2:9.99 USD",US:ALL:Standard:50.00 USD,
LB-MAKE-0079,Modern Brow Gel – Sand,"The Modern Brow Gel from Lumen Beauty, thoughtfully made, a clean, buildable formula for an effortless look. Shown in Sand.",https://lumen-beauty.example.com/products/lb-make-0079,Lumen Ritual,,LB-MAKE-0079,https://livgpt.vercel.app/mock-catalog/images/lumen-beauty/makeup-1.png,,,,new,Health & Beauty > Personal Care > Cosmetics > Makeup,Beauty > Makeup,adult,,3 in,3 in,5 in,0.5 lb,LB-MAKE-GRP-002,Makeup,Sand,,,unisex,in_stock,,,,83,35.07 USD,,,txcd_99999999,exclusive,,"US:ALL:Standard:3-5:0.00 USD,US:ALL:Expedited:1-2:9.99 USD",US:ALL:Standard:50.00 USD,
LB-MAKE-0080,Studio Cream Blush – Black,"The Studio Cream Blush from Lumen Beauty, thoughtfully made, a clean, buildable formula for an effortless look. Shown in Black.",https://lumen-beauty.example.com/products/lb-make-0080,Lumen Ritual,,LB-MAKE-0080,https://livgpt.vercel.app/mock-catalog/images/lumen-beauty/makeup-2.png,,,,new,Health & Beauty > Personal Care > Cosmetics > Makeup,Beauty > Makeup,adult,,3 in,3 in,5 in,0.48 lb,LB-MAKE-GRP-003,Makeup,Black,,,unisex,in_stock,,,,61,24.72 USD,,,txcd_99999999,exclusive,,"US:ALL:Standard:3-5:0.00 USD,US:ALL:Expedited:1-2:9.99 USD",US:ALL:Standard:50.00 USD,
LB-MAKE-0081,Essential Brow Gel – Terracotta,"The Essential Brow Gel from Lumen Beauty, thoughtfully made, a clean, buildable formula for an effortless look. Shown in Terracotta.",https://lumen-beauty.example.com/products/lb-make-0081,Lumen Ritual,,LB-MAKE-0081,https://livgpt.vercel.app/mock-catalog/images/lumen-beauty/makeup-3.png,,,,new,Health & Beauty > Personal Care > Cosmetics > Makeup,Beauty > Makeup,adult,,3 in,3 in,5 in,0.46 lb,LB-MAKE-GRP-003,Makeup,Terracotta,,,unisex,in_stock,,,,54,37.14 USD,,,txcd_99999999,exclusive,,"US:ALL:Standard:3-5:0.00 USD,US:ALL:Expedited:1-2:9.99 USD",US:ALL:Standard:50.00 USD,
LB-MAKE-0082,Alpine Liquid Foundation – Cream,"The Alpine Liquid Foundation from Lumen Beauty, thoughtfully made, a clean, buildable formula for an effortless look. Shown in Cream.",https://lumen-beauty.example.com/products/lb-make-0082,Lumen Ritual,,LB-MAKE-0082,https://livgpt.vercel.app/mock-catalog/images/lumen-beauty/makeup-1.png,,,,new,Health & Beauty > Personal Care > Cosmetics > Makeup,Beauty > Makeup,adult,,3 in,3 in,5 in,0.51 lb,LB-MAKE-GRP-004,Makeup,Cream,,,unisex,in_stock,,,,216,51.94 USD,,,txcd_99999999,exclusive,,"US:ALL:Standard:3-5:0.00 USD,US:ALL:Expedited:1-2:9.99 USD",US:ALL:Standard:50.00 USD,
LB-MAKE-0083,Signature Tinted Lip Balm – Sky Blue,"The Signature Tinted Lip Balm from Lumen Beauty, thoughtfully made, a clean, buildable formula for an effortless look. Shown in Sky Blue.",https://lumen-beauty.example.com/products/lb-make-0083,Lumen Skin,,LB-MAKE-0083,https://livgpt.vercel.app/mock-catalog/images/lumen-beauty/makeup-2.png,,,,new,Health & Beauty > Personal Care > Cosmetics > Makeup,Beauty > Makeup,adult,,3 in,3 in,5 in,0.54 lb,LB-MAKE-GRP-004,Makeup,Sky Blue,,,unisex,in_stock,,,,35,46.01 USD,,,txcd_99999999,exclusive,,"US:ALL:Standard:3-5:0.00 USD,US:ALL:Expedited:1-2:9.99 USD",US:ALL:Standard:50.00 USD,
LB-MAKE-0084,Coastal Tinted Lip Balm – Blush Pink,"The Coastal Tinted Lip Balm from Lumen Beauty, thoughtfully made, a clean, buildable formula for an effortless look. Shown in Blush Pink.",https://lumen-beauty.example.com/products/lb-make-0084,Lumen,,LB-MAKE-0084,https://livgpt.vercel.app/mock-catalog/images/lumen-beauty/makeup-3.png,,,,new,Health & Beauty > Personal Care > Cosmetics > Makeup,Beauty > Makeup,adult,,3 in,3 in,5 in,0.48 lb,LB-MAKE-GRP-005,Makeup,Blush Pink,,,unisex,out_of_stock,,,,241,14.96 USD,12.74 USD,2026-07-01/2026-12-31,txcd_99999999,exclusive,,"US:ALL:Standard:3-5:0.00 USD,US:ALL:Expedited:1-2:9.99 USD",US:ALL:Standard:50.00 USD,
LB-MAKE-0085,Modern Cream Blush – Sand,"The Modern Cream Blush from Lumen Beauty, thoughtfully made, a clean, buildable formula for an effortless look. Shown in Sand.",https://lumen-beauty.example.com/products/lb-make-0085,Lumen Ritual,,LB-MAKE-0085,https://livgpt.vercel.app/mock-catalog/images/lumen-beauty/makeup-1.png,,,,new,Health & Beauty > Personal Care > Cosmetics > Makeup,Beauty > Makeup,adult,,3 in,3 in,5 in,0.45 lb,LB-MAKE-GRP-005,Makeup,Sand,,,unisex,in_stock,,,,227,28.51 USD,,,txcd_99999999,exclusive,,"US:ALL:Standard:3-5:0.00 USD,US:ALL:Expedited:1-2:9.99 USD",US:ALL:Standard:50.00 USD,
LB-MAKE-0086,Heritage Tinted Lip Balm – Forest Green,"The Heritage Tinted Lip Balm from Lumen Beauty, thoughtfully made, a clean, buildable formula for an effortless look. Shown in Forest Green.",https://lumen-beauty.example.com/products/lb-make-0086,Lumen Ritual,,LB-MAKE-0086,https://livgpt.vercel.app/mock-catalog/images/lumen-beauty/makeup-2.png,,,,new,Health & Beauty > Personal Care > Cosmetics > Makeup,Beauty > Makeup,adult,,3 in,3 in,5 in,0.46 lb,LB-MAKE-GRP-006,Makeup,Forest Green,,,unisex,in_stock,,,,243,30.04 USD,,,txcd_99999999,exclusive,,"US:ALL:Standard:3-5:0.00 USD,US:ALL:Expedited:1-2:9.99 USD",US:ALL:Standard:50.00 USD,
LB-MAKE-0087,Premium Liquid Foundation – Black,"The Premium Liquid Foundation from Lumen Beauty, thoughtfully made, a clean, buildable formula for an effortless look. Shown in Black.",https://lumen-beauty.example.com/products/lb-make-0087,Lumen Skin,,LB-MAKE-0087,https://livgpt.vercel.app/mock-catalog/images/lumen-beauty/makeup-3.png,,,,new,Health & Beauty > Personal Care > Cosmetics > Makeup,Beauty > Makeup,adult,,3 in,3 in,5 in,0.54 lb,LB-MAKE-GRP-006,Makeup,Black,,,unisex,in_stock,,,,48,52.34 USD,40.75 USD,2026-07-01/2026-12-31,txcd_99999999,exclusive,,"US:ALL:Standard:3-5:0.00 USD,US:ALL:Expedited:1-2:9.99 USD",US:ALL:Standard:50.00 USD,
LB-MAKE-0088,Everyday Brow Gel – Slate Gray,"The Everyday Brow Gel from Lumen Beauty, thoughtfully made, a clean, buildable formula for an effortless look. Shown in Slate Gray.",https://lumen-beauty.example.com/products/lb-make-0088,Lumen Ritual,,LB-MAKE-0088,https://livgpt.vercel.app/mock-catalog/images/lumen-beauty/makeup-1.png,,,,new,Health & Beauty > Personal Care > Cosmetics > Makeup,Beauty > Makeup,adult,,3 in,3 in,5 in,0.51 lb,LB-MAKE-GRP-007,Makeup,Slate Gray,,,unisex,in_stock,,,,227,47.25 USD,,,txcd_99999999,exclusive,,"US:ALL:Standard:3-5:0.00 USD,US:ALL:Expedited:1-2:9.99 USD",US:ALL:Standard:50.00 USD,
LB-MAKE-0089,Trail Mascara – Cream,"The Trail Mascara from Lumen Beauty, thoughtfully made, a clean, buildable formula for an effortless look. Shown in Cream.",https://lumen-beauty.example.com/products/lb-make-0089,Lumen Ritual,,LB-MAKE-0089,https://livgpt.vercel.app/mock-catalog/images/lumen-beauty/makeup-2.png,,,,new,Health & Beauty > Personal Care > Cosmetics > Makeup,Beauty > Makeup,adult,,3 in,3 in,5 in,0.47 lb,LB-MAKE-GRP-007,Makeup,Cream,,,unisex,in_stock,,,,125,45.07 USD,,,txcd_99999999,exclusive,,"US:ALL:Standard:3-5:0.00 USD,US:ALL:Expedited:1-2:9.99 USD",US:ALL:Standard:50.00 USD,
LB-MAKE-0090,Nova Cream Blush – Cream,"The Nova Cream Blush from Lumen Beauty, thoughtfully made, a clean, buildable formula for an effortless look. Shown in Cream.",https://lumen-beauty.example.com/products/lb-make-0090,Lumen Skin,,LB-MAKE-0090,https://livgpt.vercel.app/mock-catalog/images/lumen-beauty/makeup-3.png,,,,new,Health & Beauty > Personal Care > Cosmetics > Makeup,Beauty > Makeup,adult,,3 in,3 in,5 in,0.46 lb,LB-MAKE-GRP-008,Makeup,Cream,,,unisex,in_stock,,,,182,20.33 USD,,,txcd_99999999,exclusive,,"US:ALL:Standard:3-5:0.00 USD,US:ALL:Expedited:1-2:9.99 USD",US:ALL:Standard:50.00 USD,
LB-WELL-0091,Studio Collagen Powder,"The Studio Collagen Powder from Lumen Beauty, thoughtfully made, supports glow from the inside out.",https://lumen-beauty.example.com/products/lb-well-0091,Lumen Ritual,,LB-WELL-0091,https://livgpt.vercel.app/mock-catalog/images/lumen-beauty/wellness-1.png,,,,new,Health & Beauty > Health Care > Vitamins & Supplements,Wellness > Supplements,adult,,3 in,3 in,5 in,0.49 lb,LB-WELL-GRP-001,Supplements,,,,male,in_stock,,,,9,31.11 USD,,,txcd_99999999,exclusive,,"US:ALL:Standard:3-5:0.00 USD,US:ALL:Expedited:1-2:9.99 USD",US:ALL:Standard:50.00 USD,
LB-WELL-0092,Luxe Beauty Sleep Tea,"The Luxe Beauty Sleep Tea from Lumen Beauty, thoughtfully made, supports glow from the inside out.",https://lumen-beauty.example.com/products/lb-well-0092,Lumen Ritual,,LB-WELL-0092,https://livgpt.vercel.app/mock-catalog/images/lumen-beauty/wellness-2.png,,,,new,Health & Beauty > Health Care > Vitamins & Supplements,Wellness > Supplements,adult,,3 in,3 in,5 in,0.52 lb,LB-WELL-GRP-001,Supplements,,,,male,in_stock,,,,40,29.72 USD,,,txcd_99999999,exclusive,,"US:ALL:Standard:3-5:0.00 USD,US:ALL:Expedited:1-2:9.99 USD",US:ALL:Standard:50.00 USD,
LB-WELL-0093,Featherlight Hair Gummies,"The Featherlight Hair Gummies from Lumen Beauty, thoughtfully made, supports glow from the inside out.",https://lumen-beauty.example.com/products/lb-well-0093,Lumen,,LB-WELL-0093,https://livgpt.vercel.app/mock-catalog/images/lumen-beauty/wellness-3.png,,,,new,Health & Beauty > Health Care > Vitamins & Supplements,Wellness > Supplements,adult,,3 in,3 in,5 in,0.48 lb,LB-WELL-GRP-002,Supplements,,,,male,in_stock,,,,220,55.14 USD,,,txcd_99999999,exclusive,,"US:ALL:Standard:3-5:0.00 USD,US:ALL:Expedited:1-2:9.99 USD",US:ALL:Standard:50.00 USD,
LB-WELL-0094,Nova Collagen Powder,"The Nova Collagen Powder from Lumen Beauty, thoughtfully made, supports glow from the inside out.",https://lumen-beauty.example.com/products/lb-well-0094,Lumen Ritual,,LB-WELL-0094,https://livgpt.vercel.app/mock-catalog/images/lumen-beauty/wellness-1.png,,,,new,Health & Beauty > Health Care > Vitamins & Supplements,Wellness > Supplements,adult,,3 in,3 in,5 in,0.47 lb,LB-WELL-GRP-002,Supplements,,,,male,in_stock,,,,39,19.23 USD,,,txcd_99999999,exclusive,,"US:ALL:Standard:3-5:0.00 USD,US:ALL:Expedited:1-2:9.99 USD",US:ALL:Standard:50.00 USD,
LB-WELL-0095,Minimalist Collagen Powder,"The Minimalist Collagen Powder from Lumen Beauty, thoughtfully made, supports glow from the inside out.",https://lumen-beauty.example.com/products/lb-well-0095,Lumen Skin,,LB-WELL-0095,https://livgpt.vercel.app/mock-catalog/images/lumen-beauty/wellness-2.png,,,,new,Health & Beauty > Health Care > Vitamins & Supplements,Wellness > Supplements,adult,,3 in,3 in,5 in,0.46 lb,LB-WELL-GRP-003,Supplements,,,,male,in_stock,,,,153,30.18 USD,,,txcd_99999999,exclusive,,"US:ALL:Standard:3-5:0.00 USD,US:ALL:Expedited:1-2:9.99 USD",US:ALL:Standard:50.00 USD,
LB-WELL-0096,Rugged Beauty Sleep Tea,"The Rugged Beauty Sleep Tea from Lumen Beauty, thoughtfully made, supports glow from the inside out.",https://lumen-beauty.example.com/products/lb-well-0096,Lumen Skin,,LB-WELL-0096,https://livgpt.vercel.app/mock-catalog/images/lumen-beauty/wellness-3.png,,,,new,Health & Beauty > Health Care > Vitamins & Supplements,Wellness > Supplements,adult,,3 in,3 in,5 in,0.46 lb,LB-WELL-GRP-003,Supplements,,,,male,in_stock,,,,158,18.73 USD,,,txcd_99999999,exclusive,,"US:ALL:Standard:3-5:0.00 USD,US:ALL:Expedited:1-2:9.99 USD",US:ALL:Standard:50.00 USD,
LB-WELL-0097,Heritage Collagen Powder,"The Heritage Collagen Powder from Lumen Beauty, thoughtfully made, supports glow from the inside out.",https://lumen-beauty.example.com/products/lb-well-0097,Lumen,,LB-WELL-0097,https://livgpt.vercel.app/mock-catalog/images/lumen-beauty/wellness-1.png,,,,new,Health & Beauty > Health Care > Vitamins & Supplements,Wellness > Supplements,adult,,3 in,3 in,5 in,0.45 lb,LB-WELL-GRP-004,Supplements,,,,male,in_stock,,,,108,43.52 USD,,,txcd_99999999,exclusive,,"US:ALL:Standard:3-5:0.00 USD,US:ALL:Expedited:1-2:9.99 USD",US:ALL:Standard:50.00 USD,
LB-WELL-0098,Premium Hair Gummies,"The Premium Hair Gummies from Lumen Beauty, thoughtfully made, supports glow from the inside out.",https://lumen-beauty.example.com/products/lb-well-0098,Lumen,,LB-WELL-0098,https://livgpt.vercel.app/mock-catalog/images/lumen-beauty/wellness-2.png,,,,new,Health & Beauty > Health Care > Vitamins & Supplements,Wellness > Supplements,adult,,3 in,3 in,5 in,0.53 lb,LB-WELL-GRP-004,Supplements,,,,male,in_stock,,,,88,41.23 USD,31.37 USD,2026-07-01/2026-12-31,txcd_99999999,exclusive,,"US:ALL:Standard:3-5:0.00 USD,US:ALL:Expedited:1-2:9.99 USD",US:ALL:Standard:50.00 USD,
LB-WELL-0099,Essential Magnesium Drink Mix,"The Essential Magnesium Drink Mix from Lumen Beauty, thoughtfully made, supports glow from the inside out.",https://lumen-beauty.example.com/products/lb-well-0099,Lumen,,LB-WELL-0099,https://livgpt.vercel.app/mock-catalog/images/lumen-beauty/wellness-3.png,,,,new,Health & Beauty > Health Care > Vitamins & Supplements,Wellness > Supplements,adult,,3 in,3 in,5 in,0.54 lb,LB-WELL-GRP-005,Supplements,,,,male,in_stock,,,,93,32.44 USD,,,txcd_99999999,exclusive,,"US:ALL:Standard:3-5:0.00 USD,US:ALL:Expedited:1-2:9.99 USD",US:ALL:Standard:50.00 USD,
LB-WELL-0100,Pro Collagen Powder,"The Pro Collagen Powder from Lumen Beauty, thoughtfully made, supports glow from the inside out.",https://lumen-beauty.example.com/products/lb-well-0100,Lumen Ritual,,LB-WELL-0100,https://livgpt.vercel.app/mock-catalog/images/lumen-beauty/wellness-1.png,,,,new,Health & Beauty > Health Care > Vitamins & Supplements,Wellness > Supplements,adult,,3 in,3 in,5 in,0.48 lb,LB-WELL-GRP-005,Supplements,,,,male,in_stock,,,,4,57.22 USD,,,txcd_99999999,exclusive,,"US:ALL:Standard:3-5:0.00 USD,US:ALL:Expedited:1-2:9.99 USD",US:ALL:Standard:50.00 USD,
LB-WELL-0101,Minimalist Magnesium Drink Mix,"The Minimalist Magnesium Drink Mix from Lumen Beauty, thoughtfully made, supports glow from the inside out.",https://lumen-beauty.example.com/products/lb-well-0101,Lumen Skin,,LB-WELL-0101,https://livgpt.vercel.app/mock-catalog/images/lumen-beauty/wellness-2.png,,,,new,Health & Beauty > Health Care > Vitamins & Supplements,Wellness > Supplements,adult,,3 in,3 in,5 in,0.45 lb,LB-WELL-GRP-006,Supplements,,,,male,in_stock,,,,177,59.27 USD,,,txcd_99999999,exclusive,,"US:ALL:Standard:3-5:0.00 USD,US:ALL:Expedited:1-2:9.99 USD",US:ALL:Standard:50.00 USD,
LB-WELL-0102,Featherlight Collagen Powder,"The Featherlight Collagen Powder from Lumen Beauty, thoughtfully made, supports glow from the inside out.",https://lumen-beauty.example.com/products/lb-well-0102,Lumen Skin,,LB-WELL-0102,https://livgpt.vercel.app/mock-catalog/images/lumen-beauty/wellness-3.png,,,,new,Health & Beauty > Health Care > Vitamins & Supplements,Wellness > Supplements,adult,,3 in,3 in,5 in,0.47 lb,LB-WELL-GRP-006,Supplements,,,,male,in_stock,,,,86,19.00 USD,,,txcd_99999999,exclusive,,"US:ALL:Standard:3-5:0.00 USD,US:ALL:Expedited:1-2:9.99 USD",US:ALL:Standard:50.00 USD,
LB-WELL-0103,Coastal Magnesium Drink Mix,"The Coastal Magnesium Drink Mix from Lumen Beauty, thoughtfully made, supports glow from the inside out.",https://lumen-beauty.example.com/products/lb-well-0103,Lumen Ritual,,LB-WELL-0103,https://livgpt.vercel.app/mock-catalog/images/lumen-beauty/wellness-1.png,,,,new,Health & Beauty > Health Care > Vitamins & Supplements,Wellness > Supplements,adult,,3 in,3 in,5 in,0.54 lb,LB-WELL-GRP-007,Supplements,,,,male,in_stock,,,,23,61.72 USD,,,txcd_99999999,exclusive,,"US:ALL:Standard:3-5:0.00 USD,US:ALL:Expedited:1-2:9.99 USD",US:ALL:Standard:50.00 USD,
LB-WELL-0104,Pro Hair Gummies,"The Pro Hair Gummies from Lumen Beauty, thoughtfully made, supports glow from the inside out.",https://lumen-beauty.example.com/products/lb-well-0104,Lumen Ritual,,LB-WELL-0104,https://livgpt.vercel.app/mock-catalog/images/lumen-beauty/wellness-2.png,,,,new,Health & Beauty > Health Care > Vitamins & Supplements,Wellness > Supplements,adult,,3 in,3 in,5 in,0.48 lb,LB-WELL-GRP-007,Supplements,,,,male,in_stock,,,,227,19.95 USD,,,txcd_99999999,exclusive,,"US:ALL:Standard:3-5:0.00 USD,US:ALL:Expedited:1-2:9.99 USD",US:ALL:Standard:50.00 USD,
LB-WELL-0105,Signature Hair Gummies,"The Signature Hair Gummies from Lumen Beauty, thoughtfully made, supports glow from the inside out.",https://lumen-beauty.example.com/products/lb-well-0105,Lumen Skin,,LB-WELL-0105,https://livgpt.vercel.app/mock-catalog/images/lumen-beauty/wellness-3.png,,,,new,Health & Beauty > Health Care > Vitamins & Supplements,Wellness > Supplements,adult,,3 in,3 in,5 in,0.51 lb,LB-WELL-GRP-008,Supplements,,,,male,in_stock,,,,178,50.77 USD,,,txcd_99999999,exclusive,,"US:ALL:Standard:3-5:0.00 USD,US:ALL:Expedited:1-2:9.99 USD",US:ALL:Standard:50.00 USD,
LB-FRAG-0106,Pro Eau de Parfum,"The Pro Eau de Parfum from Lumen Beauty, thoughtfully made, a signature scent that lasts through the day.",https://lumen-beauty.example.com/products/lb-frag-0106,Lumen,,LB-FRAG-0106,https://livgpt.vercel.app/mock-catalog/images/lumen-beauty/fragrance-1.png,,,,new,Health & Beauty > Personal Care > Cosmetics > Perfume & Cologne,Beauty > Fragrance,adult,,4 in,4 in,5 in,1.01 lb,LB-FRAG-GRP-001,Fragrance,,,,unisex,in_stock,,,,78,95.66 USD,,,txcd_99999999,exclusive,,"US:ALL:Standard:3-5:0.00 USD,US:ALL:Expedited:1-2:9.99 USD",US:ALL:Standard:50.00 USD,
LB-FRAG-0107,Luxe Body Mist,"The Luxe Body Mist from Lumen Beauty, thoughtfully made, a signature scent that lasts through the day.",https://lumen-beauty.example.com/products/lb-frag-0107,Lumen,,LB-FRAG-0107,https://livgpt.vercel.app/mock-catalog/images/lumen-beauty/fragrance-2.png,,,,new,Health & Beauty > Personal Care > Cosmetics > Perfume & Cologne,Beauty > Fragrance,adult,,4 in,4 in,5 in,0.96 lb,LB-FRAG-GRP-001,Fragrance,,,,unisex,out_of_stock,,,,209,59.44 USD,,,txcd_99999999,exclusive,,"US:ALL:Standard:3-5:0.00 USD,US:ALL:Expedited:1-2:9.99 USD",US:ALL:Standard:50.00 USD,
LB-FRAG-0108,Luxe Solid Perfume,"The Luxe Solid Perfume from Lumen Beauty, thoughtfully made, a signature scent that lasts through the day.",https://lumen-beauty.example.com/products/lb-frag-0108,Lumen Skin,,LB-FRAG-0108,https://livgpt.vercel.app/mock-catalog/images/lumen-beauty/fragrance-3.png,,,,new,Health & Beauty > Personal Care > Cosmetics > Perfume & Cologne,Beauty > Fragrance,adult,,4 in,4 in,5 in,1.06 lb,LB-FRAG-GRP-002,Fragrance,,,,unisex,in_stock,,,,99,111.11 USD,,,txcd_99999999,exclusive,,"US:ALL:Standard:3-5:0.00 USD,US:ALL:Expedited:1-2:9.99 USD",US:ALL:Standard:50.00 USD,
LB-FRAG-0109,Nova Eau de Parfum,"The Nova Eau de Parfum from Lumen Beauty, thoughtfully made, a signature scent that lasts through the day.",https://lumen-beauty.example.com/products/lb-frag-0109,Lumen Ritual,,LB-FRAG-0109,https://livgpt.vercel.app/mock-catalog/images/lumen-beauty/fragrance-1.png,,,,new,Health & Beauty > Personal Care > Cosmetics > Perfume & Cologne,Beauty > Fragrance,adult,,4 in,4 in,5 in,0.93 lb,LB-FRAG-GRP-002,Fragrance,,,,unisex,in_stock,,,,105,109.27 USD,,,txcd_99999999,exclusive,,"US:ALL:Standard:3-5:0.00 USD,US:ALL:Expedited:1-2:9.99 USD",US:ALL:Standard:50.00 USD,
LB-FRAG-0110,Minimalist Solid Perfume,"The Minimalist Solid Perfume from Lumen Beauty, thoughtfully made, a signature scent that lasts through the day.",https://lumen-beauty.example.com/products/lb-frag-0110,Lumen,,LB-FRAG-0110,https://livgpt.vercel.app/mock-catalog/images/lumen-beauty/fragrance-2.png,,,,new,Health & Beauty > Personal Care > Cosmetics > Perfume & Cologne,Beauty > Fragrance,adult,,4 in,4 in,5 in,1.06 lb,LB-FRAG-GRP-003,Fragrance,,,,unisex,in_stock,,,,214,82.47 USD,,,txcd_99999999,exclusive,,"US:ALL:Standard:3-5:0.00 USD,US:ALL:Expedited:1-2:9.99 USD",US:ALL:Standard:50.00 USD,
LB-FRAG-0111,Modern Eau de Parfum,"The Modern Eau de Parfum from Lumen Beauty, thoughtfully made, a signature scent that lasts through the day.",https://lumen-beauty.example.com/products/lb-frag-0111,Lumen,,LB-FRAG-0111,https://livgpt.vercel.app/mock-catalog/images/lumen-beauty/fragrance-3.png,,,,new,Health & Beauty > Personal Care > Cosmetics > Perfume & Cologne,Beauty > Fragrance,adult,,4 in,4 in,5 in,0.95 lb,LB-FRAG-GRP-003,Fragrance,,,,unisex,in_stock,,,,125,67.05 USD,,,txcd_99999999,exclusive,,"US:ALL:Standard:3-5:0.00 USD,US:ALL:Expedited:1-2:9.99 USD",US:ALL:Standard:50.00 USD,
LB-FRAG-0112,Studio Body Mist,"The Studio Body Mist from Lumen Beauty, thoughtfully made, a signature scent that lasts through the day.",https://lumen-beauty.example.com/products/lb-frag-0112,Lumen Skin,,LB-FRAG-0112,https://livgpt.vercel.app/mock-catalog/images/lumen-beauty/fragrance-1.png,,,,new,Health & Beauty > Personal Care > Cosmetics > Perfume & Cologne,Beauty > Fragrance,adult,,4 in,4 in,5 in,0.91 lb,LB-FRAG-GRP-004,Fragrance,,,,unisex,in_stock,,,,228,54.22 USD,,,txcd_99999999,exclusive,,"US:ALL:Standard:3-5:0.00 USD,US:ALL:Expedited:1-2:9.99 USD",US:ALL:Standard:50.00 USD,
LB-FRAG-0113,Featherlight Rollerball Perfume,"The Featherlight Rollerball Perfume from Lumen Beauty, thoughtfully made, a signature scent that lasts through the day.",https://lumen-beauty.example.com/products/lb-frag-0113,Lumen Ritual,,LB-FRAG-0113,https://livgpt.vercel.app/mock-catalog/images/lumen-beauty/fragrance-2.png,,,,new,Health & Beauty > Personal Care > Cosmetics > Perfume & Cologne,Beauty > Fragrance,adult,,4 in,4 in,5 in,0.96 lb,LB-FRAG-GRP-004,Fragrance,,,,unisex,in_stock,,,,159,101.83 USD,,,txcd_99999999,exclusive,,"US:ALL:Standard:3-5:0.00 USD,US:ALL:Expedited:1-2:9.99 USD",US:ALL:Standard:50.00 USD,
LB-FRAG-0114,Featherlight Body Mist,"The Featherlight Body Mist from Lumen Beauty, thoughtfully made, a signature scent that lasts through the day.",https://lumen-beauty.example.com/products/lb-frag-0114,Lumen Skin,,LB-FRAG-0114,https://livgpt.vercel.app/mock-catalog/images/lumen-beauty/fragrance-3.png,,,,new,Health & Beauty > Personal Care > Cosmetics > Perfume & Cologne,Beauty > Fragrance,adult,,4 in,4 in,5 in,1.07 lb,LB-FRAG-GRP-005,Fragrance,,,,unisex,in_stock,,,,147,125.80 USD,,,txcd_99999999,exclusive,,"US:ALL:Standard:3-5:0.00 USD,US:ALL:Expedited:1-2:9.99 USD",US:ALL:Standard:50.00 USD,
LB-FRAG-0115,Premium Body Mist,"The Premium Body Mist from Lumen Beauty, thoughtfully made, a signature scent that lasts through the day.",https://lumen-beauty.example.com/products/lb-frag-0115,Lumen Ritual,,LB-FRAG-0115,https://livgpt.vercel.app/mock-catalog/images/lumen-beauty/fragrance-1.png,,,,new,Health & Beauty > Personal Care > Cosmetics > Perfume & Cologne,Beauty > Fragrance,adult,,4 in,4 in,5 in,0.95 lb,LB-FRAG-GRP-005,Fragrance,,,,unisex,in_stock,,,,179,121.01 USD,105.92 USD,2026-07-01/2026-12-31,txcd_99999999,exclusive,,"US:ALL:Standard:3-5:0.00 USD,US:ALL:Expedited:1-2:9.99 USD",US:ALL:Standard:50.00 USD,
LB-FRAG-0116,Premium Rollerball Perfume,"The Premium Rollerball Perfume from Lumen Beauty, thoughtfully made, a signature scent that lasts through the day.",https://lumen-beauty.example.com/products/lb-frag-0116,Lumen,,LB-FRAG-0116,https://livgpt.vercel.app/mock-catalog/images/lumen-beauty/fragrance-2.png,,,,new,Health & Beauty > Personal Care > Cosmetics > Perfume & Cologne,Beauty > Fragrance,adult,,4 in,4 in,5 in,1.01 lb,LB-FRAG-GRP-006,Fragrance,,,,unisex,in_stock,,,,205,56.43 USD,,,txcd_99999999,exclusive,,"US:ALL:Standard:3-5:0.00 USD,US:ALL:Expedited:1-2:9.99 USD",US:ALL:Standard:50.00 USD,
LB-FRAG-0117,Minimalist Body Mist,"The Minimalist Body Mist from Lumen Beauty, thoughtfully made, a signature scent that lasts through the day.",https://lumen-beauty.example.com/products/lb-frag-0117,Lumen,,LB-FRAG-0117,https://livgpt.vercel.app/mock-catalog/images/lumen-beauty/fragrance-3.png,,,,new,Health & Beauty > Personal Care > Cosmetics > Perfume & Cologne,Beauty > Fragrance,adult,,4 in,4 in,5 in,0.98 lb,LB-FRAG-GRP-006,Fragrance,,,,unisex,in_stock,,,,231,120.85 USD,,,txcd_99999999,exclusive,,"US:ALL:Standard:3-5:0.00 USD,US:ALL:Expedited:1-2:9.99 USD",US:ALL:Standard:50.00 USD,
LB-FRAG-0118,Terra Solid Perfume,"The Terra Solid Perfume from Lumen Beauty, thoughtfully made, a signature scent that lasts through the day.",https://lumen-beauty.example.com/products/lb-frag-0118,Lumen Ritual,,LB-FRAG-0118,https://livgpt.vercel.app/mock-catalog/images/lumen-beauty/fragrance-1.png,,,,new,Health & Beauty > Personal Care > Cosmetics > Perfume & Cologne,Beauty > Fragrance,adult,,4 in,4 in,5 in,0.9 lb,LB-FRAG-GRP-007,Fragrance,,,,unisex,in_stock,,,,246,77.35 USD,,,txcd_99999999,exclusive,,"US:ALL:Standard:3-5:0.00 USD,US:ALL:Expedited:1-2:9.99 USD",US:ALL:Standard:50.00 USD,
LB-FRAG-0119,Alpine Solid Perfume,"The Alpine Solid Perfume from Lumen Beauty, thoughtfully made, a signature scent that lasts through the day.",https://lumen-beauty.example.com/products/lb-frag-0119,Lumen Ritual,,LB-FRAG-0119,https://livgpt.vercel.app/mock-catalog/images/lumen-beauty/fragrance-2.png,,,,new,Health & Beauty > Personal Care > Cosmetics > Perfume & Cologne,Beauty > Fragrance,adult,,4 in,4 in,5 in,0.97 lb,LB-FRAG-GRP-007,Fragrance,,,,unisex,in_stock,,,,186,54.49 USD,50.10 USD,2026-07-01/2026-12-31,txcd_99999999,exclusive,,"US:ALL:Standard:3-5:0.00 USD,US:ALL:Expedited:1-2:9.99 USD",US:ALL:Standard:50.00 USD,
LB-FRAG-0120,Aero Solid Perfume,"The Aero Solid Perfume from Lumen Beauty, thoughtfully made, a signature scent that lasts through the day.",https://lumen-beauty.example.com/products/lb-frag-0120,Lumen Ritual,,LB-FRAG-0120,https://livgpt.vercel.app/mock-catalog/images/lumen-beauty/fragrance-3.png,,,,new,Health & Beauty > Personal Care > Cosmetics > Perfume & Cologne,Beauty > Fragrance,adult,,4 in,4 in,5 in,0.93 lb,LB-FRAG-GRP-008,Fragrance,,,,unisex,in_stock,,,,176,50.59 USD,,,txcd_99999999,exclusive,,"US:ALL:Standard:3-5:0.00 USD,US:ALL:Expedited:1-2:9.99 USD",US:ALL:Standard:50.00 USD,
LB-TOOL-0121,Studio Jade Roller – Burgundy,"The Studio Jade Roller from Lumen Beauty, crafted in synthetic, a spa-quality ritual you can do at home. Shown in Burgundy.",https://lumen-beauty.example.com/products/lb-tool-0121,Lumen Ritual,,LB-TOOL-0121,https://livgpt.vercel.app/mock-catalog/images/lumen-beauty/tools-1.png,,,,new,Health & Beauty > Personal Care > Cosmetics > Cosmetic Tools,Beauty > Tools,adult,Synthetic,3 in,3 in,5 in,0.55 lb,LB-TOOL-GRP-001,Tools,Burgundy,,,unisex,in_stock,,,,219,49.04 USD,,,txcd_99999999,exclusive,,"US:ALL:Standard:3-5:0.00 USD,US:ALL:Expedited:1-2:9.99 USD",US:ALL:Standard:50.00 USD,
LB-TOOL-0122,Coastal Facial Steamer – White,"The Coastal Facial Steamer from Lumen Beauty, crafted in synthetic, a spa-quality ritual you can do at home. Shown in White.",https://lumen-beauty.example.com/products/lb-tool-0122,Lumen Skin,,LB-TOOL-0122,https://livgpt.vercel.app/mock-catalog/images/lumen-beauty/tools-2.png,,,,new,Health & Beauty > Personal Care > Cosmetics > Cosmetic Tools,Beauty > Tools,adult,Synthetic,3 in,3 in,5 in,0.48 lb,LB-TOOL-GRP-001,Tools,White,,,unisex,in_stock,,,,17,52.08 USD,39.54 USD,2026-07-01/2026-12-31,txcd_99999999,exclusive,,"US:ALL:Standard:3-5:0.00 USD,US:ALL:Expedited:1-2:9.99 USD",US:ALL:Standard:50.00 USD,
LB-TOOL-0123,Premium Facial Steamer – Charcoal,"The Premium Facial Steamer from Lumen Beauty, crafted in synthetic, a spa-quality ritual you can do at home. Shown in Charcoal.",https://lumen-beauty.example.com/products/lb-tool-0123,Lumen Ritual,,LB-TOOL-0123,https://livgpt.vercel.app/mock-catalog/images/lumen-beauty/tools-3.png,,,,new,Health & Beauty > Personal Care > Cosmetics > Cosmetic Tools,Beauty > Tools,adult,Synthetic,3 in,3 in,5 in,0.45 lb,LB-TOOL-GRP-002,Tools,Charcoal,,,unisex,in_stock,,,,181,52.26 USD,,,txcd_99999999,exclusive,,"US:ALL:Standard:3-5:0.00 USD,US:ALL:Expedited:1-2:9.99 USD",US:ALL:Standard:50.00 USD,
LB-TOOL-0124,Nova Facial Steamer – Terracotta,"The Nova Facial Steamer from Lumen Beauty, crafted in synthetic, a spa-quality ritual you can do at home. Shown in Terracotta.",https://lumen-beauty.example.com/products/lb-tool-0124,Lumen Skin,,LB-TOOL-0124,https://livgpt.vercel.app/mock-catalog/images/lumen-beauty/tools-1.png,,,,new,Health & Beauty > Personal Care > Cosmetics > Cosmetic Tools,Beauty > Tools,adult,Synthetic,3 in,3 in,5 in,0.55 lb,LB-TOOL-GRP-002,Tools,Terracotta,,,unisex,in_stock,,,,249,51.19 USD,,,txcd_99999999,exclusive,,"US:ALL:Standard:3-5:0.00 USD,US:ALL:Expedited:1-2:9.99 USD",US:ALL:Standard:50.00 USD,
LB-TOOL-0125,Essential Jade Roller – Slate Gray,"The Essential Jade Roller from Lumen Beauty, crafted in synthetic, a spa-quality ritual you can do at home. Shown in Slate Gray.",https://lumen-beauty.example.com/products/lb-tool-0125,Lumen,,LB-TOOL-0125,https://livgpt.vercel.app/mock-catalog/images/lumen-beauty/tools-2.png,,,,new,Health & Beauty > Personal Care > Cosmetics > Cosmetic Tools,Beauty > Tools,adult,Synthetic,3 in,3 in,5 in,0.48 lb,LB-TOOL-GRP-003,Tools,Slate Gray,,,unisex,in_stock,,,,234,56.84 USD,,,txcd_99999999,exclusive,,"US:ALL:Standard:3-5:0.00 USD,US:ALL:Expedited:1-2:9.99 USD",US:ALL:Standard:50.00 USD,
LB-TOOL-0126,Rugged Makeup Brush Set – Blush Pink,"The Rugged Makeup Brush Set from Lumen Beauty, crafted in synthetic, a spa-quality ritual you can do at home. Shown in Blush Pink.",https://lumen-beauty.example.com/products/lb-tool-0126,Lumen Ritual,,LB-TOOL-0126,https://livgpt.vercel.app/mock-catalog/images/lumen-beauty/tools-3.png,,,,new,Health & Beauty > Personal Care > Cosmetics > Cosmetic Tools,Beauty > Tools,adult,Synthetic,3 in,3 in,5 in,0.49 lb,LB-TOOL-GRP-003,Tools,Blush Pink,,,unisex,in_stock,,,,80,52.53 USD,,,txcd_99999999,exclusive,,"US:ALL:Standard:3-5:0.00 USD,US:ALL:Expedited:1-2:9.99 USD",US:ALL:Standard:50.00 USD,
LB-TOOL-0127,Essential Makeup Brush Set – White,"The Essential Makeup Brush Set from Lumen Beauty, crafted in rose quartz, a spa-quality ritual you can do at home. Shown in White.",https://lumen-beauty.example.com/products/lb-tool-0127,Lumen Skin,,LB-TOOL-0127,https://livgpt.vercel.app/mock-catalog/images/lumen-beauty/tools-1.png,,,,new,Health & Beauty > Personal Care > Cosmetics > Cosmetic Tools,Beauty > Tools,adult,Rose Quartz,3 in,3 in,5 in,0.54 lb,LB-TOOL-GRP-004,Tools,White,,,unisex,out_of_stock,,,,232,47.18 USD,,,txcd_99999999,exclusive,,"US:ALL:Standard:3-5:0.00 USD,US:ALL:Expedited:1-2:9.99 USD",US:ALL:Standard:50.00 USD,
LB-TOOL-0128,Urban Facial Steamer – Sand,"The Urban Facial Steamer from Lumen Beauty, crafted in synthetic, a spa-quality ritual you can do at home. Shown in Sand.",https://lumen-beauty.example.com/products/lb-tool-0128,Lumen Skin,,LB-TOOL-0128,https://livgpt.vercel.app/mock-catalog/images/lumen-beauty/tools-2.png,,,,new,Health & Beauty > Personal Care > Cosmetics > Cosmetic Tools,Beauty > Tools,adult,Synthetic,3 in,3 in,5 in,0.52 lb,LB-TOOL-GRP-004,Tools,Sand,,,unisex,in_stock,,,,193,13.48 USD,,,txcd_99999999,exclusive,,"US:ALL:Standard:3-5:0.00 USD,US:ALL:Expedited:1-2:9.99 USD",US:ALL:Standard:50.00 USD,
LB-TOOL-0129,Trail Makeup Brush Set – Sand,"The Trail Makeup Brush Set from Lumen Beauty, crafted in rose quartz, a spa-quality ritual you can do at home. Shown in Sand.",https://lumen-beauty.example.com/products/lb-tool-0129,Lumen,,LB-TOOL-0129,https://livgpt.vercel.app/mock-catalog/images/lumen-beauty/tools-3.png,,,,new,Health & Beauty > Personal Care > Cosmetics > Cosmetic Tools,Beauty > Tools,adult,Rose Quartz,3 in,3 in,5 in,0.47 lb,LB-TOOL-GRP-005,Tools,Sand,,,unisex,in_stock,,,,70,24.65 USD,,,txcd_99999999,exclusive,,"US:ALL:Standard:3-5:0.00 USD,US:ALL:Expedited:1-2:9.99 USD",US:ALL:Standard:50.00 USD,
LB-TOOL-0130,Classic Makeup Brush Set – Terracotta,"The Classic Makeup Brush Set from Lumen Beauty, crafted in synthetic, a spa-quality ritual you can do at home. Shown in Terracotta.",https://lumen-beauty.example.com/products/lb-tool-0130,Lumen Ritual,,LB-TOOL-0130,https://livgpt.vercel.app/mock-catalog/images/lumen-beauty/tools-1.png,,,,new,Health & Beauty > Personal Care > Cosmetics > Cosmetic Tools,Beauty > Tools,adult,Synthetic,3 in,3 in,5 in,0.49 lb,LB-TOOL-GRP-005,Tools,Terracotta,,,unisex,in_stock,,,,63,57.81 USD,,,txcd_99999999,exclusive,,"US:ALL:Standard:3-5:0.00 USD,US:ALL:Expedited:1-2:9.99 USD",US:ALL:Standard:50.00 USD,
LB-TOOL-0131,Trail Gua Sha Stone – Forest Green,"The Trail Gua Sha Stone from Lumen Beauty, crafted in rose quartz, a spa-quality ritual you can do at home. Shown in Forest Green.",https://lumen-beauty.example.com/products/lb-tool-0131,Lumen Ritual,,LB-TOOL-0131,https://livgpt.vercel.app/mock-catalog/images/lumen-beauty/tools-2.png,,,,new,Health & Beauty > Personal Care > Cosmetics > Cosmetic Tools,Beauty > Tools,adult,Rose Quartz,3 in,3 in,5 in,0.49 lb,LB-TOOL-GRP-006,Tools,Forest Green,,,unisex,in_stock,,,,241,14.98 USD,,,txcd_99999999,exclusive,,"US:ALL:Standard:3-5:0.00 USD,US:ALL:Expedited:1-2:9.99 USD",US:ALL:Standard:50.00 USD,
LB-TOOL-0132,Classic Facial Steamer – White,"The Classic Facial Steamer from Lumen Beauty, crafted in rose quartz, a spa-quality ritual you can do at home. Shown in White.",https://lumen-beauty.example.com/products/lb-tool-0132,Lumen Skin,,LB-TOOL-0132,https://livgpt.vercel.app/mock-catalog/images/lumen-beauty/tools-3.png,,,,new,Health & Beauty > Personal Care > Cosmetics > Cosmetic Tools,Beauty > Tools,adult,Rose Quartz,3 in,3 in,5 in,0.45 lb,LB-TOOL-GRP-006,Tools,White,,,unisex,in_stock,,,,67,47.74 USD,,,txcd_99999999,exclusive,,"US:ALL:Standard:3-5:0.00 USD,US:ALL:Expedited:1-2:9.99 USD",US:ALL:Standard:50.00 USD,
LB-TOOL-0133,Aero Facial Steamer – Olive,"The Aero Facial Steamer from Lumen Beauty, crafted in rose quartz, a spa-quality ritual you can do at home. Shown in Olive.",https://lumen-beauty.example.com/products/lb-tool-0133,Lumen Ritual,,LB-TOOL-0133,https://livgpt.vercel.app/mock-catalog/images/lumen-beauty/tools-1.png,,,,new,Health & Beauty > Personal Care > Cosmetics > Cosmetic Tools,Beauty > Tools,adult,Rose Quartz,3 in,3 in,5 in,0.5 lb,LB-TOOL-GRP-007,Tools,Olive,,,unisex,in_stock,,,,70,43.14 USD,,,txcd_99999999,exclusive,,"US:ALL:Standard:3-5:0.00 USD,US:ALL:Expedited:1-2:9.99 USD",US:ALL:Standard:50.00 USD,
LB-TOOL-0134,Signature Facial Steamer – Cream,"The Signature Facial Steamer from Lumen Beauty, crafted in synthetic, a spa-quality ritual you can do at home. Shown in Cream.",https://lumen-beauty.example.com/products/lb-tool-0134,Lumen,,LB-TOOL-0134,https://livgpt.vercel.app/mock-catalog/images/lumen-beauty/tools-2.png,,,,new,Health & Beauty > Personal Care > Cosmetics > Cosmetic Tools,Beauty > Tools,adult,Synthetic,3 in,3 in,5 in,0.48 lb,LB-TOOL-GRP-007,Tools,Cream,,,unisex,in_stock,,,,91,55.71 USD,43.97 USD,2026-07-01/2026-12-31,txcd_99999999,exclusive,,"US:ALL:Standard:3-5:0.00 USD,US:ALL:Expedited:1-2:9.99 USD",US:ALL:Standard:50.00 USD,
LB-TOOL-0135,Terra Jade Roller – Sand,"The Terra Jade Roller from Lumen Beauty, crafted in rose quartz, a spa-quality ritual you can do at home. Shown in Sand.",https://lumen-beauty.example.com/products/lb-tool-0135,Lumen Skin,,LB-TOOL-0135,https://livgpt.vercel.app/mock-catalog/images/lumen-beauty/tools-3.png,,,,new,Health & Beauty > Personal Care > Cosmetics > Cosmetic Tools,Beauty > Tools,adult,Rose Quartz,3 in,3 in,5 in,0.48 lb,LB-TOOL-GRP-008,Tools,Sand,,,unisex,in_stock,,,,110,56.19 USD,,,txcd_99999999,exclusive,,"US:ALL:Standard:3-5:0.00 USD,US:ALL:Expedited:1-2:9.99 USD",US:ALL:Standard:50.00 USD,
LB-GIFT-0136,Nova Travel Beauty Kit,"The Nova Travel Beauty Kit from Lumen Beauty, thoughtfully made, a ready-to-gift set of favorites, beautifully boxed.",https://lumen-beauty.example.com/products/lb-gift-0136,Lumen Ritual,,LB-GIFT-0136,https://livgpt.vercel.app/mock-catalog/images/lumen-beauty/giftsets-1.png,,,,new,Health & Beauty > Personal Care > Cosmetics > Cosmetic Sets,Beauty > Gift Sets,adult,,3 in,3 in,5 in,0.47 lb,LB-GIFT-GRP-001,Gift Sets,,,,unisex,in_stock,,,,69,110.38 USD,,,txcd_99999999,exclusive,,"US:ALL:Standard:3-5:0.00 USD,US:ALL:Expedited:1-2:9.99 USD",US:ALL:Standard:50.00 USD,
LB-GIFT-0137,Rugged Skincare Gift Set,"The Rugged Skincare Gift Set from Lumen Beauty, thoughtfully made, a ready-to-gift set of favorites, beautifully boxed.",https://lumen-beauty.example.com/products/lb-gift-0137,Lumen Skin,,LB-GIFT-0137,https://livgpt.vercel.app/mock-catalog/images/lumen-beauty/giftsets-2.png,,,,new,Health & Beauty > Personal Care > Cosmetics > Cosmetic Sets,Beauty > Gift Sets,adult,,3 in,3 in,5 in,0.47 lb,LB-GIFT-GRP-001,Gift Sets,,,,unisex,in_stock,,,,196,85.58 USD,,,txcd_99999999,exclusive,,"US:ALL:Standard:3-5:0.00 USD,US:ALL:Expedited:1-2:9.99 USD",US:ALL:Standard:50.00 USD,
LB-GIFT-0138,Urban Self-Care Ritual Box,"The Urban Self-Care Ritual Box from Lumen Beauty, thoughtfully made, a ready-to-gift set of favorites, beautifully boxed.",https://lumen-beauty.example.com/products/lb-gift-0138,Lumen Ritual,,LB-GIFT-0138,https://livgpt.vercel.app/mock-catalog/images/lumen-beauty/giftsets-3.png,,,,new,Health & Beauty > Personal Care > Cosmetics > Cosmetic Sets,Beauty > Gift Sets,adult,,3 in,3 in,5 in,0.47 lb,LB-GIFT-GRP-002,Gift Sets,,,,unisex,in_stock,,,,246,97.15 USD,,,txcd_99999999,exclusive,,"US:ALL:Standard:3-5:0.00 USD,US:ALL:Expedited:1-2:9.99 USD",US:ALL:Standard:50.00 USD,
LB-GIFT-0139,Luxe Travel Beauty Kit,"The Luxe Travel Beauty Kit from Lumen Beauty, thoughtfully made, a ready-to-gift set of favorites, beautifully boxed.",https://lumen-beauty.example.com/products/lb-gift-0139,Lumen,,LB-GIFT-0139,https://livgpt.vercel.app/mock-catalog/images/lumen-beauty/giftsets-1.png,,,,new,Health & Beauty > Personal Care > Cosmetics > Cosmetic Sets,Beauty > Gift Sets,adult,,3 in,3 in,5 in,0.47 lb,LB-GIFT-GRP-002,Gift Sets,,,,unisex,in_stock,,,,49,137.29 USD,,,txcd_99999999,exclusive,,"US:ALL:Standard:3-5:0.00 USD,US:ALL:Expedited:1-2:9.99 USD",US:ALL:Standard:50.00 USD,
LB-GIFT-0140,Premium Self-Care Ritual Box,"The Premium Self-Care Ritual Box from Lumen Beauty, thoughtfully made, a ready-to-gift set of favorites, beautifully boxed.",https://lumen-beauty.example.com/products/lb-gift-0140,Lumen Ritual,,LB-GIFT-0140,https://livgpt.vercel.app/mock-catalog/images/lumen-beauty/giftsets-2.png,,,,new,Health & Beauty > Personal Care > Cosmetics > Cosmetic Sets,Beauty > Gift Sets,adult,,3 in,3 in,5 in,0.46 lb,LB-GIFT-GRP-003,Gift Sets,,,,unisex,in_stock,,,,245,60.94 USD,,,txcd_99999999,exclusive,,"US:ALL:Standard:3-5:0.00 USD,US:ALL:Expedited:1-2:9.99 USD",US:ALL:Standard:50.00 USD,
LB-GIFT-0141,Classic Travel Beauty Kit,"The Classic Travel Beauty Kit from Lumen Beauty, thoughtfully made, a ready-to-gift set of favorites, beautifully boxed.",https://lumen-beauty.example.com/products/lb-gift-0141,Lumen Skin,,LB-GIFT-0141,https://livgpt.vercel.app/mock-catalog/images/lumen-beauty/giftsets-3.png,,,,new,Health & Beauty > Personal Care > Cosmetics > Cosmetic Sets,Beauty > Gift Sets,adult,,3 in,3 in,5 in,0.53 lb,LB-GIFT-GRP-003,Gift Sets,,,,unisex,in_stock,,,,95,71.88 USD,,,txcd_99999999,exclusive,,"US:ALL:Standard:3-5:0.00 USD,US:ALL:Expedited:1-2:9.99 USD",US:ALL:Standard:50.00 USD,
LB-GIFT-0142,Premium Travel Beauty Kit,"The Premium Travel Beauty Kit from Lumen Beauty, thoughtfully made, a ready-to-gift set of favorites, beautifully boxed.",https://lumen-beauty.example.com/products/lb-gift-0142,Lumen,,LB-GIFT-0142,https://livgpt.vercel.app/mock-catalog/images/lumen-beauty/giftsets-1.png,,,,new,Health & Beauty > Personal Care > Cosmetics > Cosmetic Sets,Beauty > Gift Sets,adult,,3 in,3 in,5 in,0.48 lb,LB-GIFT-GRP-004,Gift Sets,,,,unisex,in_stock,,,,247,41.12 USD,,,txcd_99999999,exclusive,,"US:ALL:Standard:3-5:0.00 USD,US:ALL:Expedited:1-2:9.99 USD",US:ALL:Standard:50.00 USD,
LB-GIFT-0143,Everyday Travel Beauty Kit,"The Everyday Travel Beauty Kit from Lumen Beauty, thoughtfully made, a ready-to-gift set of favorites, beautifully boxed.",https://lumen-beauty.example.com/products/lb-gift-0143,Lumen Ritual,,LB-GIFT-0143,https://livgpt.vercel.app/mock-catalog/images/lumen-beauty/giftsets-2.png,,,,new,Health & Beauty > Personal Care > Cosmetics > Cosmetic Sets,Beauty > Gift Sets,adult,,3 in,3 in,5 in,0.45 lb,LB-GIFT-GRP-004,Gift Sets,,,,unisex,out_of_stock,,,,121,92.41 USD,71.71 USD,2026-07-01/2026-12-31,txcd_99999999,exclusive,,"US:ALL:Standard:3-5:0.00 USD,US:ALL:Expedited:1-2:9.99 USD",US:ALL:Standard:50.00 USD,
LB-GIFT-0144,Everyday Spa Night Set,"The Everyday Spa Night Set from Lumen Beauty, thoughtfully made, a ready-to-gift set of favorites, beautifully boxed.",https://lumen-beauty.example.com/products/lb-gift-0144,Lumen,,LB-GIFT-0144,https://livgpt.vercel.app/mock-catalog/images/lumen-beauty/giftsets-3.png,,,,new,Health & Beauty > Personal Care > Cosmetics > Cosmetic Sets,Beauty > Gift Sets,adult,,3 in,3 in,5 in,0.52 lb,LB-GIFT-GRP-005,Gift Sets,,,,unisex,in_stock,,,,155,52.05 USD,,,txcd_99999999,exclusive,,"US:ALL:Standard:3-5:0.00 USD,US:ALL:Expedited:1-2:9.99 USD",US:ALL:Standard:50.00 USD,
LB-GIFT-0145,Studio Self-Care Ritual Box,"The Studio Self-Care Ritual Box from Lumen Beauty, thoughtfully made, a ready-to-gift set of favorites, beautifully boxed.",https://lumen-beauty.example.com/products/lb-gift-0145,Lumen Ritual,,LB-GIFT-0145,https://livgpt.vercel.app/mock-catalog/images/lumen-beauty/giftsets-1.png,,,,new,Health & Beauty > Personal Care > Cosmetics > Cosmetic Sets,Beauty > Gift Sets,adult,,3 in,3 in,5 in,0.51 lb,LB-GIFT-GRP-005,Gift Sets,,,,unisex,in_stock,,,,234,57.25 USD,,,txcd_99999999,exclusive,,"US:ALL:Standard:3-5:0.00 USD,US:ALL:Expedited:1-2:9.99 USD",US:ALL:Standard:50.00 USD,
LB-GIFT-0146,Trail Skincare Gift Set,"The Trail Skincare Gift Set from Lumen Beauty, thoughtfully made, a ready-to-gift set of favorites, beautifully boxed.",https://lumen-beauty.example.com/products/lb-gift-0146,Lumen Skin,,LB-GIFT-0146,https://livgpt.vercel.app/mock-catalog/images/lumen-beauty/giftsets-2.png,,,,new,Health & Beauty > Personal Care > Cosmetics > Cosmetic Sets,Beauty > Gift Sets,adult,,3 in,3 in,5 in,0.54 lb,LB-GIFT-GRP-006,Gift Sets,,,,unisex,in_stock,,,,100,88.40 USD,,,txcd_99999999,exclusive,,"US:ALL:Standard:3-5:0.00 USD,US:ALL:Expedited:1-2:9.99 USD",US:ALL:Standard:50.00 USD,
LB-GIFT-0147,Luxe Self-Care Ritual Box,"The Luxe Self-Care Ritual Box from Lumen Beauty, thoughtfully made, a ready-to-gift set of favorites, beautifully boxed.",https://lumen-beauty.example.com/products/lb-gift-0147,Lumen Skin,,LB-GIFT-0147,https://livgpt.vercel.app/mock-catalog/images/lumen-beauty/giftsets-3.png,,,,new,Health & Beauty > Personal Care > Cosmetics > Cosmetic Sets,Beauty > Gift Sets,adult,,3 in,3 in,5 in,0.54 lb,LB-GIFT-GRP-006,Gift Sets,,,,unisex,in_stock,,,,244,89.32 USD,,,txcd_99999999,exclusive,,"US:ALL:Standard:3-5:0.00 USD,US:ALL:Expedited:1-2:9.99 USD",US:ALL:Standard:50.00 USD,
LB-GIFT-0148,Modern Self-Care Ritual Box,"The Modern Self-Care Ritual Box from Lumen Beauty, thoughtfully made, a ready-to-gift set of favorites, beautifully boxed.",https://lumen-beauty.example.com/products/lb-gift-0148,Lumen Ritual,,LB-GIFT-0148,https://livgpt.vercel.app/mock-catalog/images/lumen-beauty/giftsets-1.png,,,,new,Health & Beauty > Personal Care > Cosmetics > Cosmetic Sets,Beauty > Gift Sets,adult,,3 in,3 in,5 in,0.54 lb,LB-GIFT-GRP-007,Gift Sets,,,,unisex,in_stock,,,,193,143.74 USD,,,txcd_99999999,exclusive,,"US:ALL:Standard:3-5:0.00 USD,US:ALL:Expedited:1-2:9.99 USD",US:ALL:Standard:50.00 USD,
LB-GIFT-0149,Essential Self-Care Ritual Box,"The Essential Self-Care Ritual Box from Lumen Beauty, thoughtfully made, a ready-to-gift set of favorites, beautifully boxed.",https://lumen-beauty.example.com/products/lb-gift-0149,Lumen Skin,,LB-GIFT-0149,https://livgpt.vercel.app/mock-catalog/images/lumen-beauty/giftsets-2.png,,,,new,Health & Beauty > Personal Care > Cosmetics > Cosmetic Sets,Beauty > Gift Sets,adult,,3 in,3 in,5 in,0.55 lb,LB-GIFT-GRP-007,Gift Sets,,,,unisex,in_stock,,,,125,94.60 USD,85.38 USD,2026-07-01/2026-12-31,txcd_99999999,exclusive,,"US:ALL:Standard:3-5:0.00 USD,US:ALL:Expedited:1-2:9.99 USD",US:ALL:Standard:50.00 USD,
LB-GIFT-0150,Modern Travel Beauty Kit,"The Modern Travel Beauty Kit from Lumen Beauty, thoughtfully made, a ready-to-gift set of favorites, beautifully boxed.",https://lumen-beauty.example.com/products/lb-gift-0150,Lumen Skin,,LB-GIFT-0150,https://livgpt.vercel.app/mock-catalog/images/lumen-beauty/giftsets-3.png,,,,new,Health & Beauty > Personal Care > Cosmetics > Cosmetic Sets,Beauty > Gift Sets,adult,,3 in,3 in,5 in,0.54 lb,LB-GIFT-GRP-008,Gift Sets,,,,unisex,in_stock,,,,85,140.62 USD,,,txcd_99999999,exclusive,,"US:ALL:Standard:3-5:0.00 USD,US:ALL:Expedited:1-2:9.99 USD",US:ALL:Standard:50.00 USD,
